10000001,300000,2,2017/6/8,144,2017/6/8
10000002,300000,0,2017/4/24,117,2017/4/24
10000003,300000,1,2017/6/27,113,2017/6/27
10000004,300000,1,2017/5/10,252,2017/5/10
10000005,300000,1,2017/4/30,140,2017/4/30
10000006,300000,0,2017/5/6,253,2017/5/6
10000007,300000,2,2017/5/1,359,2017/5/1
10000008,300000,2,2017/5/17,112,2017/5/17
10000009,300000,2,2017/6/23,335,2017/6/23
10000010,300000,1,2017/4/21,100,2017/4/21
10000011,300000,2,2017/6/23,83,2017/6/23
10000012,300000,0,2017/4/15,385,2017/4/15
10000013,300000,2,2017/5/15,233,2017/5/15
10000014,300000,2,2017/6/19,371,2017/6/19
10000015,300000,1,2017/6/16,113,2017/6/16
10000016,300000,1,2017/5/15,273,2017/5/15
10000017,300000,2,2017/6/29,119,2017/6/29
10000018,300000,2,2017/4/17,108,2017/4/17
10000019,300000,0,2017/6/9,121,2017/6/9
10000020,300000,1,2017/5/22,116,2017/5/22
10000021,300000,0,2017/4/16,434,2017/4/16
10000022,300000,2,2017/5/26,138,2017/5/26
10000023,300000,2,2017/4/9,82,2017/4/9
10000024,300000,2,2017/6/18,213,2017/6/18
10000025,300000,0,2017/5/28,215,2017/5/28
10000026,300000,2,2017/4/13,334,2017/4/13
10000027,300000,0,2017/6/18,80,2017/6/18
10000028,300000,1,2017/5/3,113,2017/5/3
10000029,300000,0,2017/4/9,111,2017/4/9
10000030,300000,1,2017/5/12,218,2017/5/12
10000031,300000,2,2017/6/21,159,2017/6/21
10000032,300000,2,2017/6/4,151,2017/6/4
10000033,300000,0,2017/6/4,272,2017/6/4
10000034,300000,2,2017/5/20,187,2017/5/20
10000035,300000,2,2017/6/24,343,2017/6/24
10000036,300000,2,2017/6/21,184,2017/6/21
10000037,300000,1,2017/4/2,104,2017/4/2
10000038,300000,0,2017/5/18,277,2017/5/18
10000039,300000,2,2017/4/9,60,2017/4/9
10000040,300000,0,2017/5/30,438,2017/5/30
10000041,300000,0,2017/6/4,189,2017/6/4
10000042,300000,2,2017/5/19,60,2017/5/19
10000043,300000,0,2017/5/28,150,2017/5/28
10000044,300000,0,2017/6/13,277,2017/6/13
10000045,300000,2,2017/6/19,107,2017/6/19
10000046,300000,0,2017/5/19,85,2017/5/19
10000047,300000,0,2017/5/2,279,2017/5/2
10000048,300000,1,2017/5/18,112,2017/5/18
10000049,300000,0,2017/6/25,138,2017/6/25
10000050,300000,2,2017/6/27,88,2017/6/27
10000051,300000,2,2017/6/14,127,2017/6/14
10000052,300000,2,2017/5/2,216,2017/5/2
10000053,300000,2,2017/4/24,168,2017/4/24
10000054,300000,2,2017/4/24,294,2017/4/24
10000055,300000,2,2017/6/15,437,2017/6/15
10000056,300000,1,2017/6/19,280,2017/6/19
10000057,300000,1,2017/4/20,189,2017/4/20
10000058,300000,2,2017/5/18,200,2017/5/18
10000059,300000,2,2017/6/23,119,2017/6/23
10000060,300000,2,2017/5/31,300,2017/5/31
10000061,300000,0,2017/4/3,180,2017/4/3
10000062,300000,0,2017/5/29,238,2017/5/29
10000063,300000,1,2017/6/7,255,2017/6/7
10000064,300000,2,2017/5/17,80,2017/5/17
10000065,300000,2,2017/4/4,489,2017/4/4
10000066,300000,1,2017/5/20,427,2017/5/20
10000067,300000,0,2017/4/26,209,2017/4/26
10000068,300000,2,2017/4/9,226,2017/4/9
10000069,300000,2,2017/5/23,375,2017/5/23
10000070,300000,1,2017/6/23,206,2017/6/23
10000071,300000,0,2017/6/19,82,2017/6/19
10000072,300000,1,2017/4/13,134,2017/4/13
10000073,300000,0,2017/5/6,239,2017/5/6
10000074,300000,2,2017/4/13,50,2017/4/13
10000075,300000,2,2017/4/13,174,2017/4/13
10000076,300000,2,2017/6/2,215,2017/6/2
10000077,300000,2,2017/6/27,420,2017/6/27
10000078,300000,2,2017/6/20,89,2017/6/20
10000079,300000,2,2017/6/7,276,2017/6/7
10000080,300011,2,2017/4/13,122,2017/4/13
10000081,300011,1,2017/4/16,140,2017/4/16
10000082,300011,2,2017/4/21,104,2017/4/21
10000083,300011,2,2017/6/24,125,2017/6/24
10000084,300011,0,2017/5/10,162,2017/5/10
10000085,300011,1,2017/5/19,210,2017/5/19
10000086,300011,2,2017/6/20,94,2017/6/20
10000087,300011,0,2017/5/14,127,2017/5/14
10000088,300011,0,2017/5/11,191,2017/5/11
10000089,300011,1,2017/4/21,113,2017/4/21
10000090,300011,1,2017/4/17,85,2017/4/17
10000091,300011,0,2017/5/20,190,2017/5/20
10000092,300011,2,2017/6/5,134,2017/6/5
10000093,300011,2,2017/5/1,187,2017/5/1
10000094,300011,2,2017/4/21,188,2017/4/21
10000095,300011,2,2017/5/3,135,2017/5/3
10000096,300011,0,2017/5/26,416,2017/5/26
10000097,300011,0,2017/5/28,263,2017/5/28
10000098,300011,0,2017/5/15,156,2017/5/15
10000099,300011,2,2017/5/6,138,2017/5/6
10000100,300011,2,2017/6/30,101,2017/6/30
10000101,300011,2,2017/4/28,185,2017/4/28
10000102,300011,2,2017/5/14,102,2017/5/14
10000103,300011,2,2017/4/28,365,2017/4/28
10000104,300011,1,2017/6/2,246,2017/6/2
10000105,300011,1,2017/4/20,131,2017/4/20
10000106,300011,2,2017/6/9,100,2017/6/9
10000107,300011,2,2017/6/23,229,2017/6/23
10000108,300011,1,2017/6/28,114,2017/6/28
10000109,300011,0,2017/6/30,146,2017/6/30
10000110,300011,2,2017/5/3,59,2017/5/3
10000111,300011,2,2017/6/12,135,2017/6/12
10000112,300011,2,2017/6/20,204,2017/6/20
10000113,300011,0,2017/4/8,50,2017/4/8
10000114,300011,1,2017/6/4,125,2017/6/4
10000115,300011,2,2017/4/19,197,2017/4/19
10000116,300011,0,2017/5/24,224,2017/5/24
10000117,300011,0,2017/4/16,187,2017/4/16
10000118,300011,1,2017/6/4,208,2017/6/4
10000119,300011,0,2017/5/29,88,2017/5/29
10000120,300011,2,2017/4/10,116,2017/4/10
10000121,300011,2,2017/4/8,252,2017/4/8
10000122,300011,2,2017/5/12,113,2017/5/12
10000123,300011,0,2017/6/15,118,2017/6/15
10000124,300011,2,2017/4/9,378,2017/4/9
10000125,300011,2,2017/6/2,125,2017/6/2
10000126,300011,2,2017/6/19,269,2017/6/19
10000127,300011,0,2017/4/13,310,2017/4/13
10000128,300011,2,2017/4/16,91,2017/4/16
10000129,300011,2,2017/5/16,214,2017/5/16
10000130,300011,2,2017/4/19,113,2017/4/19
10000131,300011,0,2017/5/11,135,2017/5/11
10000132,300011,2,2017/6/26,214,2017/6/26
10000133,300011,1,2017/6/28,430,2017/6/28
10000134,300011,0,2017/5/26,153,2017/5/26
10000135,300011,0,2017/4/2,258,2017/4/2
10000136,300011,0,2017/4/2,127,2017/4/2
10000137,300011,2,2017/6/30,76,2017/6/30
10000138,300011,2,2017/4/9,238,2017/4/9
10000139,300011,2,2017/4/7,75,2017/4/7
10000140,300011,0,2017/4/2,377,2017/4/2
10000141,300011,0,2017/6/11,405,2017/6/11
10000142,300011,1,2017/5/30,249,2017/5/30
10000143,300011,0,2017/6/1,100,2017/6/1
10000144,300011,2,2017/6/4,358,2017/6/4
10000145,300011,0,2017/4/26,80,2017/4/26
10000146,300011,2,2017/5/9,68,2017/5/9
10000147,300011,1,2017/5/14,337,2017/5/14
10000148,300011,2,2017/6/16,258,2017/6/16
10000149,300011,1,2017/6/14,393,2017/6/14
10000150,300011,2,2017/6/9,101,2017/6/9
10000151,300011,2,2017/6/30,191,2017/6/30
10000152,300011,1,2017/6/11,453,2017/6/11
10000153,300011,1,2017/4/6,115,2017/4/6
10000154,300011,2,2017/6/25,227,2017/6/25
10000155,300011,1,2017/5/22,50,2017/5/22
10000156,300011,2,2017/5/29,213,2017/5/29
10000157,300011,2,2017/5/6,269,2017/5/6
10000158,300011,0,2017/5/12,375,2017/5/12
10000159,300011,2,2017/4/6,423,2017/4/6
10000160,300011,1,2017/6/16,68,2017/6/16
10000161,300016,1,2017/4/29,147,2017/4/29
10000162,300016,0,2017/4/17,161,2017/4/17
10000163,300016,2,2017/6/13,102,2017/6/13
10000164,300016,0,2017/6/25,113,2017/6/25
10000165,300016,2,2017/5/18,107,2017/5/18
10000166,300016,2,2017/4/4,273,2017/4/4
10000167,300016,2,2017/5/19,301,2017/5/19
10000168,300016,0,2017/6/17,50,2017/6/17
10000169,300016,1,2017/6/25,120,2017/6/25
10000170,300016,2,2017/6/9,361,2017/6/9
10000171,300016,0,2017/5/9,250,2017/5/9
10000172,300016,1,2017/5/16,454,2017/5/16
10000173,300016,2,2017/5/29,282,2017/5/29
10000174,300016,1,2017/4/30,194,2017/4/30
10000175,300016,2,2017/5/24,146,2017/5/24
10000176,300016,1,2017/5/11,56,2017/5/11
10000177,300016,2,2017/6/23,131,2017/6/23
10000178,300016,0,2017/6/25,125,2017/6/25
10000179,300016,0,2017/4/2,319,2017/4/2
10000180,300016,2,2017/5/24,68,2017/5/24
10000181,300016,0,2017/6/8,140,2017/6/8
10000182,300016,1,2017/4/6,281,2017/4/6
10000183,300016,2,2017/4/25,161,2017/4/25
10000184,300016,2,2017/5/19,255,2017/5/19
10000185,300016,2,2017/5/11,189,2017/5/11
10000186,300016,1,2017/4/4,169,2017/4/4
10000187,300016,0,2017/6/24,141,2017/6/24
10000188,300016,2,2017/4/13,138,2017/4/13
10000189,300016,1,2017/5/27,134,2017/5/27
10000190,300016,0,2017/4/6,197,2017/4/6
10000191,300016,2,2017/5/3,74,2017/5/3
10000192,300016,2,2017/5/12,357,2017/5/12
10000193,300016,2,2017/6/9,259,2017/6/9
10000194,300016,2,2017/6/19,316,2017/6/19
10000195,300016,2,2017/6/29,282,2017/6/29
10000196,300016,2,2017/6/13,80,2017/6/13
10000197,300016,0,2017/4/17,158,2017/4/17
10000198,300016,1,2017/6/9,290,2017/6/9
10000199,300016,2,2017/5/3,223,2017/5/3
10000200,300016,2,2017/4/5,126,2017/4/5
10000201,300016,2,2017/4/22,285,2017/4/22
10000202,300016,2,2017/4/8,125,2017/4/8
10000203,300016,2,2017/4/20,186,2017/4/20
10000204,300016,0,2017/4/12,60,2017/4/12
10000205,300016,1,2017/4/6,226,2017/4/6
10000206,300016,2,2017/6/6,169,2017/6/6
10000207,300016,1,2017/6/1,272,2017/6/1
10000208,300016,2,2017/6/29,77,2017/6/29
10000209,300016,2,2017/4/24,187,2017/4/24
10000210,300016,0,2017/4/15,371,2017/4/15
10000211,300016,2,2017/6/19,225,2017/6/19
10000212,300016,0,2017/5/28,80,2017/5/28
10000213,300016,1,2017/5/11,161,2017/5/11
10000214,300016,0,2017/5/20,184,2017/5/20
10000215,300016,1,2017/6/17,189,2017/6/17
10000216,300016,2,2017/4/20,181,2017/4/20
10000217,300016,1,2017/4/22,80,2017/4/22
10000218,300016,2,2017/6/25,143,2017/6/25
10000219,300016,0,2017/4/16,114,2017/4/16
10000220,300016,0,2017/5/31,50,2017/5/31
10000221,300016,2,2017/5/25,58,2017/5/25
10000222,300016,1,2017/5/18,198,2017/5/18
10000223,300016,0,2017/4/5,186,2017/4/5
10000224,300016,1,2017/6/18,104,2017/6/18
10000225,300016,2,2017/4/17,280,2017/4/17
10000226,300016,1,2017/4/18,127,2017/4/18
10000227,300016,2,2017/5/9,255,2017/5/9
10000228,300016,2,2017/5/23,121,2017/5/23
10000229,300016,2,2017/5/16,286,2017/5/16
10000230,300016,2,2017/6/10,250,2017/6/10
10000231,300016,0,2017/6/27,407,2017/6/27
10000232,300016,1,2017/6/20,127,2017/6/20
10000233,300016,1,2017/6/19,155,2017/6/19
10000234,300016,2,2017/5/18,142,2017/5/18
10000235,300016,2,2017/6/8,99,2017/6/8
10000236,300016,0,2017/4/18,253,2017/4/18
10000237,300016,1,2017/4/11,189,2017/4/11
10000238,300016,1,2017/5/14,53,2017/5/14
10000239,300016,1,2017/5/31,112,2017/5/31
10000240,300016,2,2017/4/30,297,2017/4/30
10000241,300017,1,2017/5/16,77,2017/5/16
10000242,300017,0,2017/5/3,143,2017/5/3
10000243,300017,2,2017/6/23,53,2017/6/23
10000244,300017,1,2017/5/26,273,2017/5/26
10000245,300017,2,2017/4/27,141,2017/4/27
10000246,300017,0,2017/4/25,53,2017/4/25
10000247,300017,2,2017/5/18,168,2017/5/18
10000248,300017,1,2017/4/8,140,2017/4/8
10000249,300017,1,2017/6/19,158,2017/6/19
10000250,300017,2,2017/6/30,145,2017/6/30
10000251,300017,2,2017/5/30,268,2017/5/30
10000252,300017,1,2017/5/17,244,2017/5/17
10000253,300017,0,2017/6/6,115,2017/6/6
10000254,300017,2,2017/5/4,298,2017/5/4
10000255,300017,0,2017/5/22,91,2017/5/22
10000256,300017,1,2017/4/2,173,2017/4/2
10000257,300017,0,2017/6/2,196,2017/6/2
10000258,300017,2,2017/6/25,122,2017/6/25
10000259,300017,2,2017/6/12,100,2017/6/12
10000260,300017,1,2017/5/4,52,2017/5/4
10000261,300017,0,2017/5/30,101,2017/5/30
10000262,300017,2,2017/6/26,310,2017/6/26
10000263,300017,1,2017/6/9,194,2017/6/9
10000264,300017,2,2017/5/5,335,2017/5/5
10000265,300017,1,2017/5/17,258,2017/5/17
10000266,300017,2,2017/5/26,89,2017/5/26
10000267,300017,2,2017/6/24,117,2017/6/24
10000268,300017,2,2017/6/7,198,2017/6/7
10000269,300017,1,2017/5/29,129,2017/5/29
10000270,300017,2,2017/4/4,104,2017/4/4
10000271,300017,1,2017/5/31,52,2017/5/31
10000272,300017,2,2017/5/6,277,2017/5/6
10000273,300017,1,2017/4/2,145,2017/4/2
10000274,300017,0,2017/6/26,115,2017/6/26
10000275,300017,0,2017/6/6,193,2017/6/6
10000276,300017,1,2017/4/18,251,2017/4/18
10000277,300017,0,2017/4/12,410,2017/4/12
10000278,300017,2,2017/5/2,242,2017/5/2
10000279,300017,2,2017/4/4,74,2017/4/4
10000280,300017,0,2017/5/28,256,2017/5/28
10000281,300017,0,2017/5/26,307,2017/5/26
10000282,300017,2,2017/6/8,230,2017/6/8
10000283,300017,1,2017/5/12,218,2017/5/12
10000284,300017,2,2017/5/9,156,2017/5/9
10000285,300017,2,2017/4/29,51,2017/4/29
10000286,300017,1,2017/6/18,196,2017/6/18
10000287,300017,1,2017/6/4,53,2017/6/4
10000288,300017,2,2017/5/30,242,2017/5/30
10000289,300017,1,2017/6/25,98,2017/6/25
10000290,300017,0,2017/5/4,285,2017/5/4
10000291,300017,2,2017/5/13,173,2017/5/13
10000292,300017,2,2017/6/27,209,2017/6/27
10000293,300017,2,2017/6/26,197,2017/6/26
10000294,300017,2,2017/6/27,301,2017/6/27
10000295,300017,2,2017/4/23,185,2017/4/23
10000296,300017,0,2017/6/6,51,2017/6/6
10000297,300017,1,2017/6/14,224,2017/6/14
10000298,300017,1,2017/6/6,310,2017/6/6
10000299,300017,1,2017/4/8,334,2017/4/8
10000300,300017,2,2017/5/9,228,2017/5/9
10000301,300017,0,2017/5/2,98,2017/5/2
10000302,300017,0,2017/6/20,91,2017/6/20
10000303,300017,1,2017/5/28,258,2017/5/28
10000304,300017,0,2017/4/8,475,2017/4/8
10000305,300017,2,2017/5/3,100,2017/5/3
10000306,300017,1,2017/5/3,320,2017/5/3
10000307,300017,0,2017/4/3,233,2017/4/3
10000308,300017,1,2017/6/17,440,2017/6/17
10000309,300017,2,2017/6/27,494,2017/6/27
10000310,300017,1,2017/6/28,136,2017/6/28
10000311,300017,2,2017/4/27,305,2017/4/27
10000312,300017,2,2017/4/28,235,2017/4/28
10000313,300017,1,2017/4/6,278,2017/4/6
10000314,300017,1,2017/5/2,168,2017/5/2
10000315,300017,2,2017/5/7,168,2017/5/7
10000316,300017,1,2017/5/24,223,2017/5/24
10000317,300017,0,2017/5/27,98,2017/5/27
10000318,300017,2,2017/4/16,91,2017/4/16
10000319,300017,2,2017/4/19,165,2017/4/19
10000320,300017,0,2017/6/3,273,2017/6/3
10000321,300018,2,2017/6/2,140,2017/6/2
10000322,300018,0,2017/6/17,162,2017/6/17
10000323,300018,1,2017/4/4,173,2017/4/4
10000324,300018,2,2017/5/7,438,2017/5/7
10000325,300018,2,2017/4/15,115,2017/4/15
10000326,300018,1,2017/4/4,114,2017/4/4
10000327,300018,0,2017/4/20,162,2017/4/20
10000328,300018,0,2017/5/12,80,2017/5/12
10000329,300018,0,2017/4/28,260,2017/4/28
10000330,300018,1,2017/6/14,360,2017/6/14
10000331,300018,2,2017/5/23,219,2017/5/23
10000332,300018,1,2017/6/20,158,2017/6/20
10000333,300018,2,2017/6/13,169,2017/6/13
10000334,300018,1,2017/4/3,377,2017/4/3
10000335,300018,2,2017/4/8,357,2017/4/8
10000336,300018,2,2017/4/8,220,2017/4/8
10000337,300018,0,2017/4/8,94,2017/4/8
10000338,300018,2,2017/6/24,66,2017/6/24
10000339,300018,2,2017/6/17,196,2017/6/17
10000340,300018,2,2017/4/4,60,2017/4/4
10000341,300018,0,2017/5/20,83,2017/5/20
10000342,300018,2,2017/4/29,394,2017/4/29
10000343,300018,2,2017/5/29,98,2017/5/29
10000344,300018,0,2017/4/18,60,2017/4/18
10000345,300018,0,2017/4/7,340,2017/4/7
10000346,300018,2,2017/5/22,158,2017/5/22
10000347,300018,2,2017/5/23,173,2017/5/23
10000348,300018,0,2017/5/9,68,2017/5/9
10000349,300018,2,2017/5/6,82,2017/5/6
10000350,300018,2,2017/6/21,117,2017/6/21
10000351,300018,2,2017/4/29,287,2017/4/29
10000352,300018,2,2017/5/5,151,2017/5/5
10000353,300018,1,2017/4/18,113,2017/4/18
10000354,300018,1,2017/4/26,120,2017/4/26
10000355,300018,0,2017/6/28,58,2017/6/28
10000356,300018,1,2017/6/30,187,2017/6/30
10000357,300018,0,2017/6/20,127,2017/6/20
10000358,300018,2,2017/5/29,101,2017/5/29
10000359,300018,1,2017/6/25,275,2017/6/25
10000360,300018,2,2017/6/19,299,2017/6/19
10000361,300018,2,2017/4/28,60,2017/4/28
10000362,300018,2,2017/4/28,194,2017/4/28
10000363,300018,0,2017/6/1,444,2017/6/1
10000364,300018,0,2017/6/27,215,2017/6/27
10000365,300018,2,2017/5/25,68,2017/5/25
10000366,300018,0,2017/6/4,91,2017/6/4
10000367,300018,2,2017/5/9,114,2017/5/9
10000368,300018,0,2017/5/12,279,2017/5/12
10000369,300018,0,2017/5/10,197,2017/5/10
10000370,300018,0,2017/5/27,113,2017/5/27
10000371,300018,2,2017/6/15,142,2017/6/15
10000372,300018,2,2017/6/28,158,2017/6/28
10000373,300018,2,2017/6/12,131,2017/6/12
10000374,300018,0,2017/6/7,102,2017/6/7
10000375,300018,2,2017/4/14,115,2017/4/14
10000376,300018,1,2017/6/18,158,2017/6/18
10000377,300018,0,2017/5/14,177,2017/5/14
10000378,300018,2,2017/4/25,113,2017/4/25
10000379,300018,2,2017/6/30,112,2017/6/30
10000380,300018,1,2017/5/21,308,2017/5/21
10000381,300018,1,2017/4/24,353,2017/4/24
10000382,300018,0,2017/6/19,260,2017/6/19
10000383,300018,0,2017/5/5,197,2017/5/5
10000384,300018,2,2017/4/17,140,2017/4/17
10000385,300018,2,2017/5/30,293,2017/5/30
10000386,300018,2,2017/6/7,343,2017/6/7
10000387,300018,2,2017/5/6,223,2017/5/6
10000388,300018,0,2017/6/22,401,2017/6/22
10000389,300018,2,2017/6/13,399,2017/6/13
10000390,300018,2,2017/6/6,139,2017/6/6
10000391,300018,0,2017/5/26,191,2017/5/26
10000392,300018,2,2017/5/24,117,2017/5/24
10000393,300018,1,2017/6/7,384,2017/6/7
10000394,300018,0,2017/6/26,257,2017/6/26
10000395,300018,0,2017/4/6,211,2017/4/6
10000396,300018,0,2017/5/30,438,2017/5/30
10000397,300018,2,2017/4/13,227,2017/4/13
10000398,300018,2,2017/4/3,402,2017/4/3
10000399,300018,2,2017/4/20,253,2017/4/20
10000400,300018,2,2017/6/28,222,2017/6/28
10000401,300391,0,2017/4/23,140,2017/4/23
10000402,300391,1,2017/6/19,335,2017/6/19
10000403,300391,2,2017/6/17,50,2017/6/17
10000404,300391,2,2017/6/12,272,2017/6/12
10000405,300391,2,2017/6/11,60,2017/6/11
10000406,300391,2,2017/5/16,50,2017/5/16
10000407,300391,2,2017/5/11,143,2017/5/11
10000408,300391,2,2017/6/10,238,2017/6/10
10000409,300391,0,2017/4/14,157,2017/4/14
10000410,300391,2,2017/5/5,265,2017/5/5
10000411,300391,1,2017/5/15,149,2017/5/15
10000412,300391,1,2017/5/22,246,2017/5/22
10000413,300391,1,2017/6/1,236,2017/6/1
10000414,300391,0,2017/4/18,256,2017/4/18
10000415,300391,1,2017/6/17,487,2017/6/17
10000416,300391,0,2017/4/4,196,2017/4/4
10000417,300391,2,2017/6/10,130,2017/6/10
10000418,300391,0,2017/6/5,176,2017/6/5
10000419,300391,1,2017/6/3,285,2017/6/3
10000420,300391,0,2017/5/14,249,2017/5/14
10000421,300391,0,2017/5/30,238,2017/5/30
10000422,300391,2,2017/4/4,91,2017/4/4
10000423,300391,1,2017/4/25,140,2017/4/25
10000424,300391,2,2017/5/15,342,2017/5/15
10000425,300391,0,2017/4/26,105,2017/4/26
10000426,300391,1,2017/6/17,187,2017/6/17
10000427,300391,2,2017/5/16,215,2017/5/16
10000428,300391,1,2017/6/7,59,2017/6/7
10000429,300391,2,2017/4/28,88,2017/4/28
10000430,300391,1,2017/5/30,60,2017/5/30
10000431,300391,1,2017/5/28,119,2017/5/28
10000432,300391,2,2017/6/1,196,2017/6/1
10000433,300391,0,2017/4/28,296,2017/4/28
10000434,300391,0,2017/4/2,184,2017/4/2
10000435,300391,2,2017/4/7,265,2017/4/7
10000436,300391,2,2017/4/6,349,2017/4/6
10000437,300391,0,2017/4/16,165,2017/4/16
10000438,300391,1,2017/4/24,330,2017/4/24
10000439,300391,0,2017/5/23,230,2017/5/23
10000440,300391,0,2017/6/1,80,2017/6/1
10000441,300391,2,2017/5/26,277,2017/5/26
10000442,300391,1,2017/6/3,121,2017/6/3
10000443,300391,2,2017/6/24,111,2017/6/24
10000444,300391,2,2017/5/12,196,2017/5/12
10000445,300391,2,2017/5/12,313,2017/5/12
10000446,300391,1,2017/6/20,192,2017/6/20
10000447,300391,2,2017/4/29,275,2017/4/29
10000448,300391,0,2017/5/5,104,2017/5/5
10000449,300391,0,2017/5/18,238,2017/5/18
10000450,300391,0,2017/4/24,131,2017/4/24
10000451,300391,2,2017/4/22,97,2017/4/22
10000452,300391,2,2017/4/27,189,2017/4/27
10000453,300391,2,2017/5/19,474,2017/5/19
10000454,300391,0,2017/5/5,145,2017/5/5
10000455,300391,1,2017/6/30,178,2017/6/30
10000456,300391,2,2017/6/9,248,2017/6/9
10000457,300391,2,2017/6/17,129,2017/6/17
10000458,300391,2,2017/4/28,311,2017/4/28
10000459,300391,2,2017/5/19,111,2017/5/19
10000460,300391,2,2017/4/29,68,2017/4/29
10000461,300391,2,2017/4/4,248,2017/4/4
10000462,300391,0,2017/5/22,231,2017/5/22
10000463,300391,2,2017/4/8,238,2017/4/8
10000464,300391,0,2017/4/24,119,2017/4/24
10000465,300391,1,2017/5/19,113,2017/5/19
10000466,300391,2,2017/5/18,311,2017/5/18
10000467,300391,1,2017/6/21,414,2017/6/21
10000468,300391,2,2017/4/14,144,2017/4/14
10000469,300391,2,2017/6/22,174,2017/6/22
10000470,300391,0,2017/6/4,132,2017/6/4
10000471,300391,2,2017/4/21,304,2017/4/21
10000472,300391,2,2017/5/13,231,2017/5/13
10000473,300391,1,2017/4/12,298,2017/4/12
10000474,300391,0,2017/4/27,205,2017/4/27
10000475,300391,2,2017/6/5,113,2017/6/5
10000476,300391,1,2017/6/6,254,2017/6/6
10000477,300391,2,2017/5/3,202,2017/5/3
10000478,300391,2,2017/6/8,462,2017/6/8
10000479,300391,0,2017/5/25,472,2017/5/25
10000480,300391,1,2017/6/9,255,2017/6/9
10000481,300458,0,2017/6/8,85,2017/6/8
10000482,300458,0,2017/5/2,254,2017/5/2
10000483,300458,1,2017/6/29,146,2017/6/29
10000484,300458,0,2017/4/23,285,2017/4/23
10000485,300458,2,2017/4/27,179,2017/4/27
10000486,300458,1,2017/6/5,272,2017/6/5
10000487,300458,1,2017/6/28,142,2017/6/28
10000488,300458,0,2017/6/28,69,2017/6/28
10000489,300458,0,2017/5/25,223,2017/5/25
10000490,300458,1,2017/5/26,142,2017/5/26
10000491,300458,1,2017/5/1,398,2017/5/1
10000492,300458,2,2017/5/4,127,2017/5/4
10000493,300458,0,2017/5/29,222,2017/5/29
10000494,300458,0,2017/5/29,122,2017/5/29
10000495,300458,0,2017/5/3,304,2017/5/3
10000496,300458,1,2017/5/10,260,2017/5/10
10000497,300458,2,2017/6/3,140,2017/6/3
10000498,300458,2,2017/6/27,183,2017/6/27
10000499,300458,2,2017/5/10,331,2017/5/10
10000500,300458,0,2017/5/25,316,2017/5/25
10000501,300458,0,2017/6/11,306,2017/6/11
10000502,300458,2,2017/5/30,365,2017/5/30
10000503,300458,1,2017/5/11,333,2017/5/11
10000504,300458,1,2017/5/29,293,2017/5/29
10000505,300458,1,2017/4/25,53,2017/4/25
10000506,300458,1,2017/4/10,331,2017/4/10
10000507,300458,2,2017/6/13,201,2017/6/13
10000508,300458,2,2017/6/27,189,2017/6/27
10000509,300458,2,2017/6/25,180,2017/6/25
10000510,300458,2,2017/4/2,63,2017/4/2
10000511,300458,1,2017/6/30,89,2017/6/30
10000512,300458,2,2017/6/21,195,2017/6/21
10000513,300458,0,2017/4/24,129,2017/4/24
10000514,300458,1,2017/6/12,101,2017/6/12
10000515,300458,0,2017/4/17,150,2017/4/17
10000516,300458,2,2017/5/24,216,2017/5/24
10000517,300458,0,2017/4/30,122,2017/4/30
10000518,300458,0,2017/4/27,235,2017/4/27
10000519,300458,1,2017/5/7,225,2017/5/7
10000520,300458,0,2017/6/25,289,2017/6/25
10000521,300458,1,2017/4/2,136,2017/4/2
10000522,300458,1,2017/4/7,51,2017/4/7
10000523,300458,2,2017/4/30,177,2017/4/30
10000524,300458,0,2017/4/19,324,2017/4/19
10000525,300458,2,2017/6/1,138,2017/6/1
10000526,300458,0,2017/6/1,203,2017/6/1
10000527,300458,0,2017/6/10,110,2017/6/10
10000528,300458,2,2017/5/1,179,2017/5/1
10000529,300458,1,2017/5/13,80,2017/5/13
10000530,300458,2,2017/4/11,80,2017/4/11
10000531,300458,2,2017/6/23,111,2017/6/23
10000532,300458,2,2017/4/12,66,2017/4/12
10000533,300458,0,2017/4/3,115,2017/4/3
10000534,300458,1,2017/6/22,247,2017/6/22
10000535,300458,2,2017/4/23,291,2017/4/23
10000536,300458,2,2017/5/26,300,2017/5/26
10000537,300458,0,2017/5/15,136,2017/5/15
10000538,300458,2,2017/5/25,254,2017/5/25
10000539,300458,2,2017/5/10,104,2017/5/10
10000540,300458,1,2017/5/29,315,2017/5/29
10000541,300458,2,2017/4/19,68,2017/4/19
10000542,300458,0,2017/5/13,129,2017/5/13
10000543,300458,1,2017/6/21,259,2017/6/21
10000544,300458,2,2017/5/4,98,2017/5/4
10000545,300458,2,2017/5/10,120,2017/5/10
10000546,300458,0,2017/6/13,125,2017/6/13
10000547,300458,2,2017/4/17,240,2017/4/17
10000548,300458,2,2017/5/25,180,2017/5/25
10000549,300458,0,2017/5/14,247,2017/5/14
10000550,300458,0,2017/4/3,265,2017/4/3
10000551,300458,0,2017/4/29,359,2017/4/29
10000552,300458,1,2017/6/3,187,2017/6/3
10000553,300458,0,2017/6/4,146,2017/6/4
10000554,300458,1,2017/5/10,169,2017/5/10
10000555,300458,2,2017/4/3,321,2017/4/3
10000556,300458,0,2017/4/15,285,2017/4/15
10000557,300458,0,2017/4/25,263,2017/4/25
10000558,300458,0,2017/6/28,114,2017/6/28
10000559,300458,2,2017/4/4,153,2017/4/4
10000560,300400,2,2017/6/21,207,2017/6/21
10000561,300400,2,2017/6/22,135,2017/6/22
10000562,300400,0,2017/6/9,360,2017/6/9
10000563,300400,0,2017/6/1,289,2017/6/1
10000564,300400,0,2017/4/3,310,2017/4/3
10000565,300400,1,2017/6/11,74,2017/6/11
10000566,300400,2,2017/6/29,52,2017/6/29
10000567,300400,2,2017/4/14,126,2017/4/14
10000568,300400,0,2017/5/17,196,2017/5/17
10000569,300400,1,2017/5/4,56,2017/5/4
10000570,300400,2,2017/5/12,130,2017/5/12
10000571,300400,0,2017/6/3,195,2017/6/3
10000572,300400,2,2017/6/27,196,2017/6/27
10000573,300400,2,2017/5/26,125,2017/5/26
10000574,300400,0,2017/4/18,349,2017/4/18
10000575,300400,1,2017/4/20,290,2017/4/20
10000576,300400,2,2017/5/5,101,2017/5/5
10000577,300400,1,2017/4/3,187,2017/4/3
10000578,300400,2,2017/5/28,177,2017/5/28
10000579,300400,1,2017/5/23,134,2017/5/23
10000580,300400,2,2017/6/2,108,2017/6/2
10000581,300400,0,2017/5/29,85,2017/5/29
10000582,300400,1,2017/6/6,86,2017/6/6
10000583,300400,0,2017/6/16,220,2017/6/16
10000584,300400,2,2017/5/6,256,2017/5/6
10000585,300400,2,2017/4/2,171,2017/4/2
10000586,300400,1,2017/4/20,165,2017/4/20
10000587,300400,0,2017/5/21,112,2017/5/21
10000588,300400,1,2017/6/18,147,2017/6/18
10000589,300400,1,2017/4/15,101,2017/4/15
10000590,300400,0,2017/6/16,77,2017/6/16
10000591,300400,2,2017/4/10,146,2017/4/10
10000592,300400,2,2017/6/10,300,2017/6/10
10000593,300400,2,2017/4/6,451,2017/4/6
10000594,300400,1,2017/4/9,124,2017/4/9
10000595,300400,0,2017/5/10,168,2017/5/10
10000596,300400,2,2017/5/5,307,2017/5/5
10000597,300400,1,2017/4/28,113,2017/4/28
10000598,300400,0,2017/4/3,191,2017/4/3
10000599,300400,2,2017/4/22,310,2017/4/22
10000600,300400,2,2017/4/3,287,2017/4/3
10000601,300400,2,2017/6/6,111,2017/6/6
10000602,300400,2,2017/5/1,113,2017/5/1
10000603,300400,2,2017/6/4,135,2017/6/4
10000604,300400,0,2017/6/2,332,2017/6/2
10000605,300400,0,2017/6/11,390,2017/6/11
10000606,300400,1,2017/6/9,502,2017/6/9
10000607,300400,1,2017/4/13,368,2017/4/13
10000608,300400,0,2017/6/11,180,2017/6/11
10000609,300400,2,2017/5/5,287,2017/5/5
10000610,300400,2,2017/4/26,115,2017/4/26
10000611,300400,2,2017/5/22,185,2017/5/22
10000612,300400,0,2017/4/9,224,2017/4/9
10000613,300400,2,2017/4/13,82,2017/4/13
10000614,300400,2,2017/6/19,279,2017/6/19
10000615,300400,1,2017/5/26,253,2017/5/26
10000616,300400,1,2017/4/3,165,2017/4/3
10000617,300400,2,2017/4/16,59,2017/4/16
10000618,300400,1,2017/4/12,330,2017/4/12
10000619,300400,0,2017/4/25,125,2017/4/25
10000620,300400,2,2017/5/7,359,2017/5/7
10000621,300400,1,2017/5/13,196,2017/5/13
10000622,300400,1,2017/5/3,365,2017/5/3
10000623,300400,2,2017/5/14,113,2017/5/14
10000624,300400,0,2017/6/14,66,2017/6/14
10000625,300400,0,2017/5/19,114,2017/5/19
10000626,300400,0,2017/4/16,60,2017/4/16
10000627,300400,2,2017/5/6,69,2017/5/6
10000628,300400,1,2017/6/4,112,2017/6/4
10000629,300400,1,2017/6/10,113,2017/6/10
10000630,300400,2,2017/5/3,150,2017/5/3
10000631,300400,1,2017/6/14,189,2017/6/14
10000632,300400,0,2017/4/23,179,2017/4/23
10000633,300400,1,2017/6/20,362,2017/6/20
10000634,300400,0,2017/5/20,342,2017/5/20
10000635,300400,1,2017/4/25,185,2017/4/25
10000636,300400,2,2017/4/3,115,2017/4/3
10000637,300400,2,2017/6/20,179,2017/6/20
10000638,300400,2,2017/5/28,72,2017/5/28
10000639,300400,2,2017/5/22,74,2017/5/22
10000640,300400,2,2017/4/12,169,2017/4/12
10000641,300267,2,2017/4/23,476,2017/4/23
10000642,300267,2,2017/4/4,383,2017/4/4
10000643,300267,1,2017/6/25,50,2017/6/25
10000644,300267,2,2017/6/22,198,2017/6/22
10000645,300267,2,2017/4/29,182,2017/4/29
10000646,300267,1,2017/5/14,52,2017/5/14
10000647,300267,2,2017/5/5,403,2017/5/5
10000648,300267,0,2017/4/4,304,2017/4/4
10000649,300267,2,2017/4/12,287,2017/4/12
10000650,300267,2,2017/4/28,143,2017/4/28
10000651,300267,0,2017/6/18,124,2017/6/18
10000652,300267,2,2017/4/12,174,2017/4/12
10000653,300267,1,2017/5/13,77,2017/5/13
10000654,300267,1,2017/4/13,115,2017/4/13
10000655,300267,2,2017/5/8,198,2017/5/8
10000656,300267,2,2017/6/2,185,2017/6/2
10000657,300267,2,2017/5/12,166,2017/5/12
10000658,300267,2,2017/6/28,393,2017/6/28
10000659,300267,0,2017/5/30,163,2017/5/30
10000660,300267,1,2017/6/6,236,2017/6/6
10000661,300267,0,2017/5/31,149,2017/5/31
10000662,300267,2,2017/5/3,349,2017/5/3
10000663,300267,1,2017/4/6,135,2017/4/6
10000664,300267,0,2017/4/17,327,2017/4/17
10000665,300267,2,2017/4/22,66,2017/4/22
10000666,300267,0,2017/5/15,218,2017/5/15
10000667,300267,0,2017/6/24,83,2017/6/24
10000668,300267,2,2017/5/9,141,2017/5/9
10000669,300267,2,2017/5/19,487,2017/5/19
10000670,300267,2,2017/6/14,316,2017/6/14
10000671,300267,1,2017/4/3,327,2017/4/3
10000672,300267,2,2017/4/6,146,2017/4/6
10000673,300267,0,2017/6/19,259,2017/6/19
10000674,300267,0,2017/5/4,176,2017/5/4
10000675,300267,2,2017/6/25,113,2017/6/25
10000676,300267,1,2017/6/19,354,2017/6/19
10000677,300267,2,2017/6/13,304,2017/6/13
10000678,300267,2,2017/4/29,323,2017/4/29
10000679,300267,2,2017/6/9,144,2017/6/9
10000680,300267,1,2017/6/26,343,2017/6/26
10000681,300267,2,2017/5/16,204,2017/5/16
10000682,300267,0,2017/5/20,185,2017/5/20
10000683,300267,2,2017/4/15,243,2017/4/15
10000684,300267,2,2017/4/14,168,2017/4/14
10000685,300267,2,2017/5/10,220,2017/5/10
10000686,300267,2,2017/4/18,294,2017/4/18
10000687,300267,0,2017/6/27,108,2017/6/27
10000688,300267,1,2017/4/2,98,2017/4/2
10000689,300267,2,2017/6/8,138,2017/6/8
10000690,300267,2,2017/4/26,182,2017/4/26
10000691,300267,0,2017/6/9,176,2017/6/9
10000692,300267,1,2017/4/2,101,2017/4/2
10000693,300267,0,2017/4/23,86,2017/4/23
10000694,300267,2,2017/6/16,222,2017/6/16
10000695,300267,2,2017/5/7,364,2017/5/7
10000696,300267,2,2017/4/12,255,2017/4/12
10000697,300267,0,2017/4/6,117,2017/4/6
10000698,300267,2,2017/5/3,134,2017/5/3
10000699,300267,0,2017/6/29,234,2017/6/29
10000700,300267,1,2017/5/23,131,2017/5/23
10000701,300267,2,2017/6/25,111,2017/6/25
10000702,300267,2,2017/5/26,50,2017/5/26
10000703,300267,1,2017/4/24,167,2017/4/24
10000704,300267,1,2017/4/8,123,2017/4/8
10000705,300267,2,2017/5/2,194,2017/5/2
10000706,300267,1,2017/4/30,107,2017/4/30
10000707,300267,2,2017/5/29,275,2017/5/29
10000708,300267,2,2017/4/29,187,2017/4/29
10000709,300267,2,2017/4/26,129,2017/4/26
10000710,300267,2,2017/6/28,150,2017/6/28
10000711,300267,0,2017/6/14,60,2017/6/14
10000712,300267,2,2017/6/6,312,2017/6/6
10000713,300267,2,2017/4/28,107,2017/4/28
10000714,300267,1,2017/6/8,333,2017/6/8
10000715,300267,2,2017/5/20,113,2017/5/20
10000716,300267,2,2017/6/26,114,2017/6/26
10000717,300267,2,2017/4/6,135,2017/4/6
10000718,300267,0,2017/6/26,229,2017/6/26
10000719,300267,0,2017/6/3,284,2017/6/3
10000720,300267,1,2017/4/6,158,2017/4/6
10000721,300296,2,2017/6/1,101,2017/6/1
10000722,300296,1,2017/6/10,74,2017/6/10
10000723,300296,0,2017/5/22,304,2017/5/22
10000724,300296,0,2017/4/2,88,2017/4/2
10000725,300296,1,2017/4/28,201,2017/4/28
10000726,300296,0,2017/4/10,222,2017/4/10
10000727,300296,2,2017/5/28,291,2017/5/28
10000728,300296,0,2017/4/18,58,2017/4/18
10000729,300296,2,2017/6/4,244,2017/6/4
10000730,300296,2,2017/5/31,166,2017/5/31
10000731,300296,1,2017/6/16,157,2017/6/16
10000732,300296,0,2017/4/21,82,2017/4/21
10000733,300296,2,2017/6/14,167,2017/6/14
10000734,300296,2,2017/6/9,221,2017/6/9
10000735,300296,2,2017/6/25,448,2017/6/25
10000736,300296,1,2017/5/2,279,2017/5/2
10000737,300296,1,2017/6/9,224,2017/6/9
10000738,300296,2,2017/6/20,332,2017/6/20
10000739,300296,1,2017/6/30,83,2017/6/30
10000740,300296,0,2017/5/26,258,2017/5/26
10000741,300296,2,2017/5/18,185,2017/5/18
10000742,300296,2,2017/6/19,325,2017/6/19
10000743,300296,2,2017/6/9,210,2017/6/9
10000744,300296,2,2017/4/5,94,2017/4/5
10000745,300296,0,2017/4/18,274,2017/4/18
10000746,300296,2,2017/6/23,324,2017/6/23
10000747,300296,2,2017/5/25,114,2017/5/25
10000748,300296,2,2017/5/1,139,2017/5/1
10000749,300296,1,2017/5/18,95,2017/5/18
10000750,300296,0,2017/5/4,251,2017/5/4
10000751,300296,2,2017/4/30,121,2017/4/30
10000752,300296,0,2017/4/20,101,2017/4/20
10000753,300296,2,2017/4/13,395,2017/4/13
10000754,300296,0,2017/6/27,467,2017/6/27
10000755,300296,2,2017/6/29,101,2017/6/29
10000756,300296,0,2017/6/26,291,2017/6/26
10000757,300296,1,2017/6/3,173,2017/6/3
10000758,300296,2,2017/4/9,296,2017/4/9
10000759,300296,0,2017/5/15,156,2017/5/15
10000760,300296,1,2017/6/5,481,2017/6/5
10000761,300296,2,2017/5/25,360,2017/5/25
10000762,300296,2,2017/4/6,231,2017/4/6
10000763,300296,0,2017/4/10,252,2017/4/10
10000764,300296,2,2017/6/7,56,2017/6/7
10000765,300296,2,2017/6/4,206,2017/6/4
10000766,300296,0,2017/4/15,88,2017/4/15
10000767,300296,2,2017/6/15,272,2017/6/15
10000768,300296,2,2017/6/26,50,2017/6/26
10000769,300296,0,2017/4/27,94,2017/4/27
10000770,300296,0,2017/4/25,195,2017/4/25
10000771,300296,0,2017/5/25,161,2017/5/25
10000772,300296,2,2017/4/24,150,2017/4/24
10000773,300296,2,2017/6/22,138,2017/6/22
10000774,300296,2,2017/4/16,338,2017/4/16
10000775,300296,0,2017/4/8,299,2017/4/8
10000776,300296,1,2017/5/13,226,2017/5/13
10000777,300296,2,2017/6/17,466,2017/6/17
10000778,300296,0,2017/4/8,253,2017/4/8
10000779,300296,2,2017/4/21,132,2017/4/21
10000780,300296,0,2017/4/15,109,2017/4/15
10000781,300296,0,2017/4/16,114,2017/4/16
10000782,300296,2,2017/5/13,418,2017/5/13
10000783,300296,1,2017/6/29,318,2017/6/29
10000784,300296,2,2017/4/16,108,2017/4/16
10000785,300296,2,2017/4/18,165,2017/4/18
10000786,300296,1,2017/4/27,119,2017/4/27
10000787,300296,0,2017/5/3,129,2017/5/3
10000788,300296,1,2017/4/12,368,2017/4/12
10000789,300296,2,2017/6/14,319,2017/6/14
10000790,300296,0,2017/5/9,370,2017/5/9
10000791,300296,2,2017/5/2,267,2017/5/2
10000792,300296,2,2017/6/18,125,2017/6/18
10000793,300296,2,2017/5/13,126,2017/5/13
10000794,300296,1,2017/6/29,203,2017/6/29
10000795,300296,1,2017/5/19,435,2017/5/19
10000796,300296,2,2017/4/25,335,2017/4/25
10000797,300296,2,2017/5/3,285,2017/5/3
10000798,300296,1,2017/5/25,365,2017/5/25
10000799,300296,2,2017/5/7,309,2017/5/7
10000800,300296,1,2017/6/19,114,2017/6/19
10000801,300046,2,2017/5/5,453,2017/5/5
10000802,300046,0,2017/4/17,244,2017/4/17
10000803,300046,0,2017/4/21,261,2017/4/21
10000804,300046,2,2017/6/21,287,2017/6/21
10000805,300046,2,2017/4/29,355,2017/4/29
10000806,300046,2,2017/5/24,126,2017/5/24
10000807,300046,1,2017/6/5,94,2017/6/5
10000808,300046,2,2017/4/21,218,2017/4/21
10000809,300046,2,2017/5/10,75,2017/5/10
10000810,300046,2,2017/5/2,225,2017/5/2
10000811,300046,1,2017/4/19,108,2017/4/19
10000812,300046,1,2017/4/28,241,2017/4/28
10000813,300046,2,2017/4/16,213,2017/4/16
10000814,300046,2,2017/6/13,395,2017/6/13
10000815,300046,2,2017/5/8,104,2017/5/8
10000816,300046,0,2017/5/14,478,2017/5/14
10000817,300046,0,2017/6/3,224,2017/6/3
10000818,300046,1,2017/4/2,161,2017/4/2
10000819,300046,2,2017/5/26,91,2017/5/26
10000820,300046,1,2017/5/30,67,2017/5/30
10000821,300046,2,2017/6/16,146,2017/6/16
10000822,300046,0,2017/6/29,249,2017/6/29
10000823,300046,0,2017/6/11,122,2017/6/11
10000824,300046,1,2017/4/11,85,2017/4/11
10000825,300046,2,2017/5/28,401,2017/5/28
10000826,300046,2,2017/6/20,209,2017/6/20
10000827,300046,0,2017/5/22,136,2017/5/22
10000828,300046,2,2017/5/20,331,2017/5/20
10000829,300046,0,2017/5/3,226,2017/5/3
10000830,300046,0,2017/6/16,316,2017/6/16
10000831,300046,2,2017/6/28,470,2017/6/28
10000832,300046,2,2017/6/3,286,2017/6/3
10000833,300046,2,2017/4/2,293,2017/4/2
10000834,300046,1,2017/6/27,184,2017/6/27
10000835,300046,2,2017/4/27,186,2017/4/27
10000836,300046,1,2017/5/12,266,2017/5/12
10000837,300046,2,2017/4/20,150,2017/4/20
10000838,300046,0,2017/4/5,98,2017/4/5
10000839,300046,2,2017/6/23,370,2017/6/23
10000840,300046,2,2017/5/6,319,2017/5/6
10000841,300046,0,2017/5/4,267,2017/5/4
10000842,300046,1,2017/4/16,181,2017/4/16
10000843,300046,0,2017/4/8,178,2017/4/8
10000844,300046,2,2017/6/24,119,2017/6/24
10000845,300046,1,2017/4/14,205,2017/4/14
10000846,300046,2,2017/5/14,263,2017/5/14
10000847,300046,2,2017/4/22,343,2017/4/22
10000848,300046,2,2017/6/2,91,2017/6/2
10000849,300046,2,2017/6/5,338,2017/6/5
10000850,300046,0,2017/4/3,208,2017/4/3
10000851,300046,2,2017/6/8,231,2017/6/8
10000852,300046,1,2017/4/30,223,2017/4/30
10000853,300046,2,2017/6/26,210,2017/6/26
10000854,300046,0,2017/5/13,99,2017/5/13
10000855,300046,2,2017/5/31,290,2017/5/31
10000856,300046,2,2017/5/4,520,2017/5/4
10000857,300046,0,2017/4/17,67,2017/4/17
10000858,300046,0,2017/4/2,53,2017/4/2
10000859,300046,2,2017/5/26,285,2017/5/26
10000860,300046,0,2017/5/24,350,2017/5/24
10000861,300046,2,2017/6/28,124,2017/6/28
10000862,300046,2,2017/5/27,176,2017/5/27
10000863,300046,0,2017/6/30,318,2017/6/30
10000864,300046,1,2017/6/8,196,2017/6/8
10000865,300046,2,2017/5/11,127,2017/5/11
10000866,300046,1,2017/4/3,341,2017/4/3
10000867,300046,2,2017/4/4,187,2017/4/4
10000868,300046,0,2017/5/11,58,2017/5/11
10000869,300046,1,2017/5/30,253,2017/5/30
10000870,300046,2,2017/5/18,108,2017/5/18
10000871,300046,0,2017/6/5,232,2017/6/5
10000872,300046,0,2017/6/20,283,2017/6/20
10000873,300046,2,2017/5/23,74,2017/5/23
10000874,300046,2,2017/5/6,71,2017/5/6
10000875,300046,1,2017/6/7,317,2017/6/7
10000876,300046,0,2017/5/9,83,2017/5/9
10000877,300046,2,2017/5/14,189,2017/5/14
10000878,300046,1,2017/5/17,273,2017/5/17
10000879,300046,2,2017/6/20,85,2017/6/20
10000880,300046,2,2017/5/19,400,2017/5/19
10000881,300260,1,2017/6/13,465,2017/6/13
10000882,300260,2,2017/5/29,107,2017/5/29
10000883,300260,2,2017/4/19,135,2017/4/19
10000884,300260,2,2017/5/7,50,2017/5/7
10000885,300260,2,2017/6/28,367,2017/6/28
10000886,300260,2,2017/5/5,143,2017/5/5
10000887,300260,2,2017/5/9,108,2017/5/9
10000888,300260,2,2017/6/11,248,2017/6/11
10000889,300260,2,2017/4/5,85,2017/4/5
10000890,300260,2,2017/4/24,395,2017/4/24
10000891,300260,2,2017/4/9,82,2017/4/9
10000892,300260,1,2017/6/16,518,2017/6/16
10000893,300260,2,2017/6/17,130,2017/6/17
10000894,300260,2,2017/5/8,209,2017/5/8
10000895,300260,1,2017/4/13,295,2017/4/13
10000896,300260,0,2017/5/14,114,2017/5/14
10000897,300260,2,2017/5/14,313,2017/5/14
10000898,300260,1,2017/6/21,263,2017/6/21
10000899,300260,1,2017/4/24,67,2017/4/24
10000900,300260,0,2017/6/15,100,2017/6/15
10000901,300260,2,2017/4/20,391,2017/4/20
10000902,300260,2,2017/4/23,191,2017/4/23
10000903,300260,0,2017/4/14,153,2017/4/14
10000904,300260,2,2017/6/4,223,2017/6/4
10000905,300260,2,2017/4/15,69,2017/4/15
10000906,300260,2,2017/4/9,146,2017/4/9
10000907,300260,2,2017/5/3,203,2017/5/3
10000908,300260,2,2017/6/21,337,2017/6/21
10000909,300260,2,2017/4/27,126,2017/4/27
10000910,300260,0,2017/6/20,108,2017/6/20
10000911,300260,0,2017/6/15,313,2017/6/15
10000912,300260,0,2017/5/11,140,2017/5/11
10000913,300260,2,2017/6/29,139,2017/6/29
10000914,300260,2,2017/5/17,289,2017/5/17
10000915,300260,1,2017/5/21,246,2017/5/21
10000916,300260,0,2017/4/2,339,2017/4/2
10000917,300260,2,2017/4/3,254,2017/4/3
10000918,300260,0,2017/6/23,184,2017/6/23
10000919,300260,1,2017/5/16,100,2017/5/16
10000920,300260,2,2017/5/12,314,2017/5/12
10000921,300260,2,2017/6/23,143,2017/6/23
10000922,300260,0,2017/4/2,113,2017/4/2
10000923,300260,2,2017/5/15,158,2017/5/15
10000924,300260,2,2017/5/25,334,2017/5/25
10000925,300260,2,2017/5/23,129,2017/5/23
10000926,300260,0,2017/5/9,191,2017/5/9
10000927,300260,1,2017/5/15,119,2017/5/15
10000928,300260,2,2017/6/9,400,2017/6/9
10000929,300260,1,2017/6/22,166,2017/6/22
10000930,300260,2,2017/6/4,382,2017/6/4
10000931,300260,0,2017/6/13,118,2017/6/13
10000932,300260,2,2017/4/28,193,2017/4/28
10000933,300260,2,2017/4/23,388,2017/4/23
10000934,300260,0,2017/6/9,181,2017/6/9
10000935,300260,2,2017/4/2,416,2017/4/2
10000936,300260,0,2017/4/7,310,2017/4/7
10000937,300260,1,2017/5/8,69,2017/5/8
10000938,300260,1,2017/5/9,191,2017/5/9
10000939,300260,0,2017/6/27,100,2017/6/27
10000940,300260,2,2017/5/3,214,2017/5/3
10000941,300260,2,2017/5/11,168,2017/5/11
10000942,300260,1,2017/5/24,254,2017/5/24
10000943,300260,0,2017/4/12,85,2017/4/12
10000944,300260,2,2017/4/14,200,2017/4/14
10000945,300260,2,2017/4/7,293,2017/4/7
10000946,300260,2,2017/6/14,60,2017/6/14
10000947,300260,0,2017/6/9,249,2017/6/9
10000948,300260,1,2017/5/17,167,2017/5/17
10000949,300260,1,2017/4/24,144,2017/4/24
10000950,300260,2,2017/6/30,208,2017/6/30
10000951,300260,1,2017/4/26,351,2017/4/26
10000952,300260,1,2017/5/5,501,2017/5/5
10000953,300260,1,2017/6/5,349,2017/6/5
10000954,300260,2,2017/5/15,374,2017/5/15
10000955,300260,1,2017/5/23,218,2017/5/23
10000956,300260,2,2017/4/6,108,2017/4/6
10000957,300260,2,2017/5/6,185,2017/5/6
10000958,300260,0,2017/5/29,108,2017/5/29
10000959,300260,2,2017/4/3,51,2017/4/3
10000960,300260,2,2017/5/8,131,2017/5/8
10000961,300021,1,2017/4/13,268,2017/4/13
10000962,300421,2,2017/5/24,80,2017/5/24
10000963,300421,2,2017/6/23,119,2017/6/23
10000964,300421,2,2017/4/24,187,2017/4/24
10000965,300421,1,2017/6/23,368,2017/6/23
10000966,300421,0,2017/5/4,125,2017/5/4
10000967,300421,0,2017/4/4,242,2017/4/4
10000968,300421,2,2017/5/22,101,2017/5/22
10000969,300421,0,2017/5/24,140,2017/5/24
10000970,300421,2,2017/6/24,108,2017/6/24
10000971,300421,2,2017/5/7,100,2017/5/7
10000972,300421,1,2017/6/21,191,2017/6/21
10000973,300421,1,2017/6/24,86,2017/6/24
10000974,300421,2,2017/4/16,63,2017/4/16
10000975,300421,1,2017/4/12,141,2017/4/12
10000976,300421,2,2017/6/18,127,2017/6/18
10000977,300421,2,2017/4/19,131,2017/4/19
10000978,300421,1,2017/5/17,198,2017/5/17
10000979,300421,1,2017/5/28,270,2017/5/28
10000980,300421,2,2017/6/18,110,2017/6/18
10000981,300421,0,2017/5/29,104,2017/5/29
10000982,300421,2,2017/5/1,125,2017/5/1
10000983,300421,2,2017/5/6,66,2017/5/6
10000984,300421,2,2017/6/21,378,2017/6/21
10000985,300421,1,2017/6/1,97,2017/6/1
10000986,300421,2,2017/6/26,257,2017/6/26
10000987,300421,2,2017/6/24,190,2017/6/24
10000988,300421,1,2017/6/9,230,2017/6/9
10000989,300421,2,2017/5/26,357,2017/5/26
10000990,300421,2,2017/4/3,112,2017/4/3
10000991,300421,1,2017/6/21,179,2017/6/21
10000992,300421,0,2017/4/17,113,2017/4/17
10000993,300421,2,2017/5/20,203,2017/5/20
10000994,300421,2,2017/4/13,80,2017/4/13
10000995,300421,2,2017/6/14,125,2017/6/14
10000996,300421,2,2017/5/24,277,2017/5/24
10000997,300421,0,2017/4/26,342,2017/4/26
10000998,300421,2,2017/6/24,121,2017/6/24
10000999,300421,2,2017/6/10,142,2017/6/10
10001000,300421,2,2017/5/22,396,2017/5/22
10001001,300421,2,2017/6/4,204,2017/6/4
10001002,300421,2,2017/4/28,50,2017/4/28
10001003,300421,2,2017/4/7,153,2017/4/7
10001004,300421,1,2017/4/22,85,2017/4/22
10001005,300421,0,2017/4/22,248,2017/4/22
10001006,300421,2,2017/6/15,370,2017/6/15
10001007,300421,0,2017/5/11,58,2017/5/11
10001008,300421,0,2017/6/8,184,2017/6/8
10001009,300421,0,2017/5/24,80,2017/5/24
10001010,300421,1,2017/4/8,125,2017/4/8
10001011,300421,2,2017/5/30,269,2017/5/30
10001012,300421,2,2017/4/29,241,2017/4/29
10001013,300421,0,2017/5/1,219,2017/5/1
10001014,300421,1,2017/5/14,206,2017/5/14
10001015,300421,2,2017/6/11,101,2017/6/11
10001016,300421,2,2017/4/7,108,2017/4/7
10001017,300421,1,2017/5/25,343,2017/5/25
10001018,300421,1,2017/6/30,129,2017/6/30
10001019,300421,0,2017/4/10,229,2017/4/10
10001020,300421,2,2017/5/7,297,2017/5/7
10001021,300421,2,2017/4/10,205,2017/4/10
10001022,300421,2,2017/6/8,84,2017/6/8
10001023,300421,0,2017/5/17,153,2017/5/17
10001024,300421,2,2017/6/6,141,2017/6/6
10001025,300421,1,2017/6/17,408,2017/6/17
10001026,300421,0,2017/5/27,162,2017/5/27
10001027,300421,1,2017/6/19,182,2017/6/19
10001028,300421,2,2017/5/24,131,2017/5/24
10001029,300421,2,2017/5/28,254,2017/5/28
10001030,300421,2,2017/6/20,262,2017/6/20
10001031,300421,2,2017/6/1,320,2017/6/1
10001032,300421,0,2017/4/14,119,2017/4/14
10001033,300421,1,2017/5/28,444,2017/5/28
10001034,300421,2,2017/4/4,416,2017/4/4
10001035,300421,2,2017/4/25,165,2017/4/25
10001036,300421,1,2017/5/16,236,2017/5/16
10001037,300421,2,2017/4/30,162,2017/4/30
10001038,300421,2,2017/4/9,68,2017/4/9
10001039,300421,2,2017/6/23,85,2017/6/23
10001040,300421,2,2017/4/27,159,2017/4/27
10001041,300043,0,2017/6/16,108,2017/6/16
10001042,300043,2,2017/6/17,169,2017/6/17
10001043,300043,0,2017/5/14,214,2017/5/14
10001044,300043,0,2017/6/5,287,2017/6/5
10001045,300043,1,2017/6/24,113,2017/6/24
10001046,300043,0,2017/5/8,129,2017/5/8
10001047,300043,1,2017/5/10,224,2017/5/10
10001048,300043,1,2017/5/24,195,2017/5/24
10001049,300043,2,2017/5/24,102,2017/5/24
10001050,300043,2,2017/4/14,74,2017/4/14
10001051,300043,2,2017/4/28,178,2017/4/28
10001052,300043,0,2017/5/1,243,2017/5/1
10001053,300043,2,2017/6/30,223,2017/6/30
10001054,300043,2,2017/4/16,53,2017/4/16
10001055,300043,1,2017/5/3,250,2017/5/3
10001056,300043,0,2017/5/10,284,2017/5/10
10001057,300043,0,2017/6/21,146,2017/6/21
10001058,300043,1,2017/4/11,101,2017/4/11
10001059,300043,1,2017/6/17,254,2017/6/17
10001060,300043,0,2017/5/28,126,2017/5/28
10001061,300043,0,2017/6/24,330,2017/6/24
10001062,300043,2,2017/6/20,74,2017/6/20
10001063,300043,2,2017/6/4,404,2017/6/4
10001064,300043,0,2017/5/5,80,2017/5/5
10001065,300043,2,2017/4/14,306,2017/4/14
10001066,300043,1,2017/5/31,82,2017/5/31
10001067,300043,0,2017/4/26,67,2017/4/26
10001068,300043,2,2017/4/30,241,2017/4/30
10001069,300043,1,2017/5/11,142,2017/5/11
10001070,300043,1,2017/5/1,136,2017/5/1
10001071,300043,0,2017/6/22,229,2017/6/22
10001072,300043,2,2017/4/25,101,2017/4/25
10001073,300043,2,2017/6/19,115,2017/6/19
10001074,300043,0,2017/4/24,104,2017/4/24
10001075,300043,1,2017/6/25,169,2017/6/25
10001076,300043,2,2017/6/13,129,2017/6/13
10001077,300043,0,2017/4/10,113,2017/4/10
10001078,300043,2,2017/6/16,339,2017/6/16
10001079,300043,2,2017/4/20,290,2017/4/20
10001080,300043,0,2017/4/13,95,2017/4/13
10001081,300043,2,2017/5/17,252,2017/5/17
10001082,300043,2,2017/6/13,254,2017/6/13
10001083,300043,2,2017/5/4,299,2017/5/4
10001084,300043,2,2017/4/16,222,2017/4/16
10001085,300043,2,2017/6/25,177,2017/6/25
10001086,300043,0,2017/6/6,91,2017/6/6
10001087,300043,2,2017/4/21,412,2017/4/21
10001088,300043,2,2017/6/25,344,2017/6/25
10001089,300043,0,2017/4/7,120,2017/4/7
10001090,300043,2,2017/5/16,119,2017/5/16
10001091,300043,2,2017/4/23,307,2017/4/23
10001092,300043,2,2017/4/5,60,2017/4/5
10001093,300043,2,2017/5/11,88,2017/5/11
10001094,300043,1,2017/4/5,361,2017/4/5
10001095,300043,2,2017/6/17,185,2017/6/17
10001096,300043,2,2017/4/27,126,2017/4/27
10001097,300043,2,2017/5/6,318,2017/5/6
10001098,300043,2,2017/4/27,189,2017/4/27
10001099,300043,0,2017/5/13,187,2017/5/13
10001100,300043,2,2017/6/27,50,2017/6/27
10001101,300043,1,2017/6/24,121,2017/6/24
10001102,300043,0,2017/5/20,214,2017/5/20
10001103,300043,2,2017/6/19,237,2017/6/19
10001104,300043,2,2017/5/7,503,2017/5/7
10001105,300043,2,2017/4/24,232,2017/4/24
10001106,300043,2,2017/5/15,50,2017/5/15
10001107,300043,2,2017/4/18,113,2017/4/18
10001108,300043,2,2017/5/24,108,2017/5/24
10001109,300043,1,2017/5/12,188,2017/5/12
10001110,300043,0,2017/5/8,119,2017/5/8
10001111,300043,0,2017/5/2,141,2017/5/2
10001112,300043,2,2017/6/12,111,2017/6/12
10001113,300043,2,2017/4/13,119,2017/4/13
10001114,300043,0,2017/6/19,380,2017/6/19
10001115,300043,2,2017/5/6,82,2017/5/6
10001116,300043,2,2017/6/22,160,2017/6/22
10001117,300043,2,2017/5/28,99,2017/5/28
10001118,300043,2,2017/4/23,220,2017/4/23
10001119,300043,2,2017/4/16,187,2017/4/16
10001120,300043,2,2017/6/7,214,2017/6/7
10001121,300417,2,2017/4/30,233,2017/4/30
10001122,300417,2,2017/6/2,98,2017/6/2
10001123,300417,2,2017/4/17,293,2017/4/17
10001124,300417,0,2017/6/10,470,2017/6/10
10001125,300417,1,2017/4/4,166,2017/4/4
10001126,300417,2,2017/6/22,284,2017/6/22
10001127,300417,2,2017/5/3,115,2017/5/3
10001128,300417,2,2017/6/23,192,2017/6/23
10001129,300417,2,2017/6/4,178,2017/6/4
10001130,300417,0,2017/6/11,306,2017/6/11
10001131,300417,2,2017/5/27,318,2017/5/27
10001132,300417,1,2017/4/19,215,2017/4/19
10001133,300417,1,2017/6/13,108,2017/6/13
10001134,300417,1,2017/5/24,125,2017/5/24
10001135,300417,1,2017/4/18,60,2017/4/18
10001136,300417,1,2017/4/2,304,2017/4/2
10001137,300417,2,2017/4/19,127,2017/4/19
10001138,300417,2,2017/6/11,141,2017/6/11
10001139,300417,0,2017/6/26,140,2017/6/26
10001140,300417,1,2017/4/13,180,2017/4/13
10001141,300417,0,2017/4/21,180,2017/4/21
10001142,300417,1,2017/4/25,263,2017/4/25
10001143,300417,1,2017/6/30,115,2017/6/30
10001144,300417,2,2017/4/13,270,2017/4/13
10001145,300417,1,2017/6/27,291,2017/6/27
10001146,300417,2,2017/6/26,291,2017/6/26
10001147,300417,2,2017/4/19,272,2017/4/19
10001148,300417,0,2017/5/29,355,2017/5/29
10001149,300417,2,2017/4/28,236,2017/4/28
10001150,300417,1,2017/5/24,77,2017/5/24
10001151,300417,0,2017/6/24,197,2017/6/24
10001152,300417,2,2017/6/30,189,2017/6/30
10001153,300417,2,2017/4/20,165,2017/4/20
10001154,300417,0,2017/6/30,121,2017/6/30
10001155,300417,2,2017/6/23,60,2017/6/23
10001156,300417,2,2017/4/11,131,2017/4/11
10001157,300417,2,2017/5/2,56,2017/5/2
10001158,300417,0,2017/5/6,298,2017/5/6
10001159,300417,1,2017/5/31,164,2017/5/31
10001160,300417,2,2017/6/28,158,2017/6/28
10001161,300417,2,2017/4/13,205,2017/4/13
10001162,300417,1,2017/4/16,263,2017/4/16
10001163,300417,2,2017/5/25,165,2017/5/25
10001164,300417,1,2017/4/6,89,2017/4/6
10001165,300417,2,2017/6/6,126,2017/6/6
10001166,300417,1,2017/6/25,101,2017/6/25
10001167,300417,0,2017/6/28,301,2017/6/28
10001168,300417,2,2017/6/25,66,2017/6/25
10001169,300417,2,2017/6/11,122,2017/6/11
10001170,300417,2,2017/4/25,287,2017/4/25
10001171,300417,1,2017/4/25,121,2017/4/25
10001172,300417,0,2017/4/13,273,2017/4/13
10001173,300417,0,2017/5/26,366,2017/5/26
10001174,300417,0,2017/5/12,136,2017/5/12
10001175,300417,0,2017/4/28,119,2017/4/28
10001176,300417,1,2017/4/5,268,2017/4/5
10001177,300417,2,2017/5/7,253,2017/5/7
10001178,300417,1,2017/6/3,145,2017/6/3
10001179,300417,2,2017/5/30,387,2017/5/30
10001180,300417,2,2017/6/4,265,2017/6/4
10001181,300417,0,2017/5/11,50,2017/5/11
10001182,300417,2,2017/6/14,249,2017/6/14
10001183,300417,2,2017/5/6,443,2017/5/6
10001184,300417,0,2017/6/22,197,2017/6/22
10001185,300417,0,2017/6/1,68,2017/6/1
10001186,300417,2,2017/4/16,112,2017/4/16
10001187,300417,0,2017/6/14,126,2017/6/14
10001188,300417,0,2017/4/24,119,2017/4/24
10001189,300417,2,2017/5/31,177,2017/5/31
10001190,300417,0,2017/6/10,71,2017/6/10
10001191,300417,2,2017/5/1,76,2017/5/1
10001192,300417,1,2017/4/16,169,2017/4/16
10001193,300417,2,2017/4/13,376,2017/4/13
10001194,300417,1,2017/4/29,185,2017/4/29
10001195,300417,0,2017/6/20,448,2017/6/20
10001196,300417,2,2017/6/28,343,2017/6/28
10001197,300417,1,2017/4/7,323,2017/4/7
10001198,300417,2,2017/4/14,184,2017/4/14
10001199,300417,2,2017/5/3,114,2017/5/3
10001200,300417,0,2017/5/10,209,2017/5/10
10001201,300299,0,2017/4/30,117,2017/4/30
10001202,300299,0,2017/5/25,302,2017/5/25
10001203,300299,0,2017/4/25,305,2017/4/25
10001204,300299,0,2017/6/4,58,2017/6/4
10001205,300299,1,2017/5/29,121,2017/5/29
10001206,300299,1,2017/6/9,187,2017/6/9
10001207,300299,1,2017/6/1,218,2017/6/1
10001208,300299,2,2017/5/9,94,2017/5/9
10001209,300299,1,2017/5/8,221,2017/5/8
10001210,300299,2,2017/5/2,125,2017/5/2
10001211,300299,2,2017/6/24,50,2017/6/24
10001212,300299,1,2017/5/30,69,2017/5/30
10001213,300299,0,2017/4/22,142,2017/4/22
10001214,300299,1,2017/4/12,348,2017/4/12
10001215,300299,0,2017/5/31,239,2017/5/31
10001216,300299,0,2017/4/26,403,2017/4/26
10001217,300299,1,2017/6/18,377,2017/6/18
10001218,300299,2,2017/4/5,196,2017/4/5
10001219,300299,1,2017/5/21,217,2017/5/21
10001220,300299,2,2017/5/12,82,2017/5/12
10001221,300299,1,2017/5/21,302,2017/5/21
10001222,300299,1,2017/5/26,52,2017/5/26
10001223,300299,2,2017/4/10,394,2017/4/10
10001224,300299,2,2017/5/20,208,2017/5/20
10001225,300299,0,2017/4/30,295,2017/4/30
10001226,300299,2,2017/5/13,255,2017/5/13
10001227,300299,2,2017/4/7,343,2017/4/7
10001228,300299,2,2017/5/19,379,2017/5/19
10001229,300299,1,2017/5/29,146,2017/5/29
10001230,300299,2,2017/6/15,184,2017/6/15
10001231,300299,2,2017/5/17,153,2017/5/17
10001232,300299,2,2017/4/10,128,2017/4/10
10001233,300299,1,2017/6/5,187,2017/6/5
10001234,300299,1,2017/4/16,214,2017/4/16
10001235,300299,2,2017/4/21,316,2017/4/21
10001236,300299,1,2017/4/13,311,2017/4/13
10001237,300299,2,2017/5/7,481,2017/5/7
10001238,300299,1,2017/5/28,102,2017/5/28
10001239,300299,1,2017/6/25,114,2017/6/25
10001240,300299,1,2017/4/6,243,2017/4/6
10001241,300299,1,2017/5/12,327,2017/5/12
10001242,300299,2,2017/5/18,104,2017/5/18
10001243,300299,1,2017/4/6,117,2017/4/6
10001244,300299,2,2017/4/27,125,2017/4/27
10001245,300299,0,2017/5/30,521,2017/5/30
10001246,300299,0,2017/4/4,71,2017/4/4
10001247,300299,0,2017/4/19,255,2017/4/19
10001248,300299,2,2017/6/12,433,2017/6/12
10001249,300299,1,2017/5/9,204,2017/5/9
10001250,300299,2,2017/6/14,190,2017/6/14
10001251,300299,2,2017/4/18,293,2017/4/18
10001252,300299,2,2017/4/20,296,2017/4/20
10001253,300299,2,2017/4/13,100,2017/4/13
10001254,300299,0,2017/6/4,97,2017/6/4
10001255,300299,2,2017/5/28,268,2017/5/28
10001256,300299,1,2017/4/27,76,2017/4/27
10001257,300299,0,2017/6/25,304,2017/6/25
10001258,300299,2,2017/4/8,236,2017/4/8
10001259,300299,2,2017/5/18,68,2017/5/18
10001260,300299,2,2017/6/23,319,2017/6/23
10001261,300299,2,2017/6/7,94,2017/6/7
10001262,300299,0,2017/6/6,237,2017/6/6
10001263,300299,1,2017/6/18,204,2017/6/18
10001264,300299,2,2017/5/11,353,2017/5/11
10001265,300299,0,2017/4/9,281,2017/4/9
10001266,300299,1,2017/4/17,231,2017/4/17
10001267,300299,2,2017/5/4,220,2017/5/4
10001268,300299,0,2017/5/27,76,2017/5/27
10001269,300299,1,2017/5/6,309,2017/5/6
10001270,300299,2,2017/6/14,198,2017/6/14
10001271,300299,2,2017/5/10,523,2017/5/10
10001272,300299,2,2017/4/30,76,2017/4/30
10001273,300299,0,2017/6/17,264,2017/6/17
10001274,300299,2,2017/4/7,196,2017/4/7
10001275,300299,0,2017/5/3,80,2017/5/3
10001276,300299,0,2017/4/2,402,2017/4/2
10001277,300299,2,2017/6/11,113,2017/6/11
10001278,300299,2,2017/5/27,121,2017/5/27
10001279,300299,1,2017/5/3,335,2017/5/3
10001280,300299,2,2017/4/2,86,2017/4/2
10001281,300020,2,2017/6/5,184,2017/6/5
10001282,300020,1,2017/4/11,112,2017/4/11
10001283,300020,2,2017/4/16,113,2017/4/16
10001284,300020,2,2017/5/16,139,2017/5/16
10001285,300020,2,2017/6/26,76,2017/6/26
10001286,300020,2,2017/4/18,255,2017/4/18
10001287,300020,1,2017/4/23,134,2017/4/23
10001288,300020,2,2017/6/28,437,2017/6/28
10001289,300020,0,2017/6/24,244,2017/6/24
10001290,300020,0,2017/6/21,280,2017/6/21
10001291,300020,2,2017/6/5,129,2017/6/5
10001292,300020,2,2017/6/5,297,2017/6/5
10001293,300020,2,2017/6/25,187,2017/6/25
10001294,300020,2,2017/6/27,163,2017/6/27
10001295,300020,0,2017/5/18,170,2017/5/18
10001296,300020,0,2017/4/18,147,2017/4/18
10001297,300020,2,2017/5/11,295,2017/5/11
10001298,300020,0,2017/4/8,242,2017/4/8
10001299,300020,1,2017/6/2,108,2017/6/2
10001300,300020,2,2017/5/20,330,2017/5/20
10001301,300020,2,2017/4/6,307,2017/4/6
10001302,300020,1,2017/4/13,153,2017/4/13
10001303,300020,0,2017/6/21,122,2017/6/21
10001304,300020,2,2017/4/25,253,2017/4/25
10001305,300020,2,2017/6/30,255,2017/6/30
10001306,300020,1,2017/5/31,162,2017/5/31
10001307,300020,0,2017/5/17,423,2017/5/17
10001308,300020,0,2017/5/8,146,2017/5/8
10001309,300020,0,2017/4/13,179,2017/4/13
10001310,300020,2,2017/5/26,229,2017/5/26
10001311,300020,2,2017/6/14,139,2017/6/14
10001312,300020,2,2017/4/28,113,2017/4/28
10001313,300020,2,2017/4/22,192,2017/4/22
10001314,300020,0,2017/5/10,362,2017/5/10
10001315,300020,1,2017/6/11,355,2017/6/11
10001316,300020,0,2017/6/12,165,2017/6/12
10001317,300020,1,2017/6/19,153,2017/6/19
10001318,300020,2,2017/4/22,80,2017/4/22
10001319,300020,2,2017/4/28,318,2017/4/28
10001320,300020,2,2017/6/15,109,2017/6/15
10001321,300020,2,2017/5/12,253,2017/5/12
10001322,300020,1,2017/4/24,177,2017/4/24
10001323,300020,0,2017/5/27,168,2017/5/27
10001324,300020,1,2017/6/27,289,2017/6/27
10001325,300020,1,2017/4/17,190,2017/4/17
10001326,300020,2,2017/6/9,333,2017/6/9
10001327,300020,2,2017/4/2,375,2017/4/2
10001328,300020,1,2017/6/2,249,2017/6/2
10001329,300020,0,2017/4/24,234,2017/4/24
10001330,300020,2,2017/4/9,292,2017/4/9
10001331,300020,1,2017/5/23,80,2017/5/23
10001332,300020,2,2017/5/24,127,2017/5/24
10001333,300020,0,2017/5/21,51,2017/5/21
10001334,300020,2,2017/5/21,242,2017/5/21
10001335,300020,2,2017/5/20,101,2017/5/20
10001336,300020,0,2017/4/9,237,2017/4/9
10001337,300020,1,2017/5/19,385,2017/5/19
10001338,300020,2,2017/5/10,215,2017/5/10
10001339,300020,0,2017/5/9,278,2017/5/9
10001340,300020,0,2017/4/18,183,2017/4/18
10001341,300020,2,2017/5/6,168,2017/5/6
10001342,300020,2,2017/4/16,139,2017/4/16
10001343,300020,1,2017/4/10,222,2017/4/10
10001344,300020,0,2017/5/23,317,2017/5/23
10001345,300020,0,2017/5/24,117,2017/5/24
10001346,300020,2,2017/6/21,448,2017/6/21
10001347,300020,2,2017/4/27,298,2017/4/27
10001348,300020,0,2017/4/25,255,2017/4/25
10001349,300020,1,2017/4/30,130,2017/4/30
10001350,300020,2,2017/4/29,373,2017/4/29
10001351,300020,2,2017/4/2,157,2017/4/2
10001352,300020,2,2017/6/23,261,2017/6/23
10001353,300020,0,2017/4/19,455,2017/4/19
10001354,300020,1,2017/4/22,80,2017/4/22
10001355,300020,1,2017/6/29,168,2017/6/29
10001356,300020,0,2017/5/30,155,2017/5/30
10001357,300020,2,2017/6/7,255,2017/6/7
10001358,300020,2,2017/4/11,328,2017/4/11
10001359,300020,1,2017/6/28,147,2017/6/28
10001360,300020,0,2017/6/14,202,2017/6/14
10001361,300256,1,2017/5/14,181,2017/5/14
10001362,300256,2,2017/5/30,101,2017/5/30
10001363,300256,0,2017/5/26,112,2017/5/26
10001364,300256,0,2017/5/16,284,2017/5/16
10001365,300256,1,2017/6/29,165,2017/6/29
10001366,300256,1,2017/6/9,101,2017/6/9
10001367,300256,2,2017/4/19,119,2017/4/19
10001368,300256,2,2017/6/27,143,2017/6/27
10001369,300256,2,2017/5/7,325,2017/5/7
10001370,300256,2,2017/5/26,486,2017/5/26
10001371,300256,1,2017/6/7,191,2017/6/7
10001372,300256,2,2017/5/4,85,2017/5/4
10001373,300256,2,2017/4/15,178,2017/4/15
10001374,300256,1,2017/6/22,235,2017/6/22
10001375,300256,0,2017/4/20,480,2017/4/20
10001376,300256,1,2017/5/1,257,2017/5/1
10001377,300256,0,2017/5/24,244,2017/5/24
10001378,300256,1,2017/6/18,275,2017/6/18
10001379,300256,2,2017/4/15,145,2017/4/15
10001380,300256,0,2017/6/13,382,2017/6/13
10001381,300256,2,2017/6/18,318,2017/6/18
10001382,300256,2,2017/6/5,338,2017/6/5
10001383,300256,2,2017/6/30,143,2017/6/30
10001384,300256,2,2017/6/4,134,2017/6/4
10001385,300256,2,2017/4/22,113,2017/4/22
10001386,300256,2,2017/6/1,271,2017/6/1
10001387,300256,1,2017/6/27,267,2017/6/27
10001388,300256,0,2017/5/27,168,2017/5/27
10001389,300256,0,2017/6/16,470,2017/6/16
10001390,300256,2,2017/4/27,245,2017/4/27
10001391,300256,2,2017/5/11,59,2017/5/11
10001392,300256,2,2017/4/25,187,2017/4/25
10001393,300256,1,2017/4/24,201,2017/4/24
10001394,300256,1,2017/5/19,157,2017/5/19
10001395,300256,1,2017/5/31,141,2017/5/31
10001396,300256,2,2017/6/9,56,2017/6/9
10001397,300256,2,2017/6/3,162,2017/6/3
10001398,300256,2,2017/5/16,189,2017/5/16
10001399,300256,2,2017/5/10,166,2017/5/10
10001400,300256,2,2017/5/2,233,2017/5/2
10001401,300256,2,2017/6/9,163,2017/6/9
10001402,300256,0,2017/5/26,387,2017/5/26
10001403,300256,0,2017/6/12,188,2017/6/12
10001404,300256,2,2017/6/14,127,2017/6/14
10001405,300256,1,2017/5/27,274,2017/5/27
10001406,300256,2,2017/4/19,210,2017/4/19
10001407,300256,0,2017/5/16,129,2017/5/16
10001408,300256,2,2017/5/20,417,2017/5/20
10001409,300256,0,2017/4/10,189,2017/4/10
10001410,300256,2,2017/5/5,199,2017/5/5
10001411,300256,2,2017/5/23,298,2017/5/23
10001412,300256,1,2017/5/31,367,2017/5/31
10001413,300256,2,2017/5/11,101,2017/5/11
10001414,300256,2,2017/6/5,249,2017/6/5
10001415,300256,1,2017/5/31,112,2017/5/31
10001416,300256,1,2017/5/30,85,2017/5/30
10001417,300256,2,2017/4/6,251,2017/4/6
10001418,300256,2,2017/4/23,288,2017/4/23
10001419,300256,2,2017/4/21,85,2017/4/21
10001420,300256,2,2017/6/13,138,2017/6/13
10001421,300256,2,2017/5/31,232,2017/5/31
10001422,300256,2,2017/5/4,236,2017/5/4
10001423,300256,2,2017/4/18,135,2017/4/18
10001424,300256,1,2017/5/3,297,2017/5/3
10001425,300256,1,2017/6/21,251,2017/6/21
10001426,300256,2,2017/5/10,416,2017/5/10
10001427,300256,1,2017/4/2,265,2017/4/2
10001428,300256,0,2017/5/16,177,2017/5/16
10001429,300256,2,2017/6/22,347,2017/6/22
10001430,300256,1,2017/5/30,222,2017/5/30
10001431,300256,1,2017/5/15,69,2017/5/15
10001432,300256,0,2017/6/1,348,2017/6/1
10001433,300256,1,2017/5/13,141,2017/5/13
10001434,300256,0,2017/5/14,418,2017/5/14
10001435,300256,1,2017/6/28,60,2017/6/28
10001436,300256,1,2017/6/10,170,2017/6/10
10001437,300256,0,2017/4/27,213,2017/4/27
10001438,300256,2,2017/4/7,162,2017/4/7
10001439,300256,1,2017/6/30,374,2017/6/30
10001440,300256,2,2017/4/9,228,2017/4/9
10001441,300205,0,2017/5/11,393,2017/5/11
10001442,300205,1,2017/6/3,114,2017/6/3
10001443,300205,1,2017/5/31,461,2017/5/31
10001444,300205,2,2017/4/9,91,2017/4/9
10001445,300205,1,2017/5/22,177,2017/5/22
10001446,300205,2,2017/5/8,242,2017/5/8
10001447,300205,2,2017/4/13,208,2017/4/13
10001448,300205,2,2017/4/10,140,2017/4/10
10001449,300205,0,2017/5/7,253,2017/5/7
10001450,300205,2,2017/6/15,336,2017/6/15
10001451,300205,2,2017/5/21,108,2017/5/21
10001452,300205,1,2017/4/28,131,2017/4/28
10001453,300205,2,2017/4/24,219,2017/4/24
10001454,300205,0,2017/6/14,243,2017/6/14
10001455,300205,1,2017/4/11,105,2017/4/11
10001456,300205,2,2017/5/31,143,2017/5/31
10001457,300205,0,2017/5/8,101,2017/5/8
10001458,300205,0,2017/6/14,87,2017/6/14
10001459,300205,2,2017/5/17,339,2017/5/17
10001460,300205,1,2017/6/21,183,2017/6/21
10001461,300205,2,2017/6/30,285,2017/6/30
10001462,300205,1,2017/6/17,176,2017/6/17
10001463,300205,1,2017/5/1,89,2017/5/1
10001464,300205,1,2017/6/24,417,2017/6/24
10001465,300205,1,2017/5/6,293,2017/5/6
10001466,300205,2,2017/4/18,239,2017/4/18
10001467,300205,0,2017/6/8,59,2017/6/8
10001468,300205,0,2017/6/16,126,2017/6/16
10001469,300205,2,2017/5/7,247,2017/5/7
10001470,300205,2,2017/4/27,268,2017/4/27
10001471,300205,0,2017/6/8,219,2017/6/8
10001472,300205,0,2017/5/12,392,2017/5/12
10001473,300205,0,2017/6/2,228,2017/6/2
10001474,300205,1,2017/4/13,272,2017/4/13
10001475,300205,2,2017/5/2,171,2017/5/2
10001476,300205,0,2017/6/3,334,2017/6/3
10001477,300205,0,2017/5/20,104,2017/5/20
10001478,300205,1,2017/5/23,191,2017/5/23
10001479,300205,0,2017/4/26,371,2017/4/26
10001480,300205,1,2017/5/20,291,2017/5/20
10001481,300205,2,2017/5/21,303,2017/5/21
10001482,300205,2,2017/6/18,220,2017/6/18
10001483,300205,2,2017/5/30,243,2017/5/30
10001484,300205,0,2017/5/7,331,2017/5/7
10001485,300205,2,2017/4/14,68,2017/4/14
10001486,300205,1,2017/4/27,187,2017/4/27
10001487,300205,2,2017/4/25,113,2017/4/25
10001488,300205,0,2017/6/12,247,2017/6/12
10001489,300205,0,2017/6/1,426,2017/6/1
10001490,300205,1,2017/5/5,195,2017/5/5
10001491,300205,0,2017/4/5,239,2017/4/5
10001492,300205,1,2017/6/27,59,2017/6/27
10001493,300205,1,2017/4/20,455,2017/4/20
10001494,300205,2,2017/6/20,241,2017/6/20
10001495,300205,2,2017/5/3,124,2017/5/3
10001496,300205,1,2017/5/2,123,2017/5/2
10001497,300205,0,2017/4/23,414,2017/4/23
10001498,300205,0,2017/4/4,76,2017/4/4
10001499,300205,2,2017/5/3,232,2017/5/3
10001500,300205,2,2017/5/14,284,2017/5/14
10001501,300205,2,2017/6/1,100,2017/6/1
10001502,300205,1,2017/5/23,131,2017/5/23
10001503,300205,1,2017/4/6,189,2017/4/6
10001504,300205,1,2017/6/13,130,2017/6/13
10001505,300205,2,2017/5/27,59,2017/5/27
10001506,300205,1,2017/5/4,86,2017/5/4
10001507,300205,0,2017/5/6,126,2017/5/6
10001508,300205,1,2017/6/28,252,2017/6/28
10001509,300205,2,2017/5/13,385,2017/5/13
10001510,300205,1,2017/6/11,277,2017/6/11
10001511,300205,1,2017/5/24,208,2017/5/24
10001512,300205,2,2017/5/18,168,2017/5/18
10001513,300205,2,2017/5/25,68,2017/5/25
10001514,300205,2,2017/5/2,183,2017/5/2
10001515,300205,2,2017/6/30,112,2017/6/30
10001516,300205,1,2017/4/23,74,2017/4/23
10001517,300205,0,2017/6/13,201,2017/6/13
10001518,300205,2,2017/6/26,87,2017/6/26
10001519,300205,2,2017/5/1,113,2017/5/1
10001520,300205,0,2017/5/31,167,2017/5/31
10001521,300328,0,2017/6/2,187,2017/6/2
10001522,300328,2,2017/4/2,224,2017/4/2
10001523,300328,2,2017/5/23,316,2017/5/23
10001524,300328,1,2017/6/13,119,2017/6/13
10001525,300328,0,2017/5/6,165,2017/5/6
10001526,300328,2,2017/4/15,123,2017/4/15
10001527,300328,2,2017/6/13,245,2017/6/13
10001528,300328,2,2017/6/12,80,2017/6/12
10001529,300328,0,2017/4/30,126,2017/4/30
10001530,300328,1,2017/4/5,172,2017/4/5
10001531,300328,1,2017/6/30,162,2017/6/30
10001532,300328,0,2017/4/4,325,2017/4/4
10001533,300328,2,2017/4/28,174,2017/4/28
10001534,300328,0,2017/5/23,144,2017/5/23
10001535,300328,2,2017/4/15,105,2017/4/15
10001536,300328,0,2017/6/30,113,2017/6/30
10001537,300328,2,2017/5/30,74,2017/5/30
10001538,300328,2,2017/6/28,114,2017/6/28
10001539,300328,2,2017/5/4,68,2017/5/4
10001540,300328,2,2017/5/9,219,2017/5/9
10001541,300328,1,2017/6/25,95,2017/6/25
10001542,300328,2,2017/4/21,343,2017/4/21
10001543,300328,1,2017/5/28,121,2017/5/28
10001544,300328,2,2017/5/12,231,2017/5/12
10001545,300328,1,2017/4/18,153,2017/4/18
10001546,300328,0,2017/4/30,296,2017/4/30
10001547,300328,0,2017/4/8,261,2017/4/8
10001548,300328,1,2017/5/11,247,2017/5/11
10001549,300328,1,2017/4/6,254,2017/4/6
10001550,300328,2,2017/6/15,174,2017/6/15
10001551,300328,2,2017/4/22,359,2017/4/22
10001552,300328,2,2017/4/3,203,2017/4/3
10001553,300328,2,2017/4/23,403,2017/4/23
10001554,300328,2,2017/4/9,82,2017/4/9
10001555,300328,0,2017/6/17,146,2017/6/17
10001556,300328,2,2017/6/18,499,2017/6/18
10001557,300328,2,2017/6/13,85,2017/6/13
10001558,300328,1,2017/4/28,186,2017/4/28
10001559,300328,2,2017/6/5,218,2017/6/5
10001560,300328,2,2017/4/10,182,2017/4/10
10001561,300328,1,2017/5/28,222,2017/5/28
10001562,300328,1,2017/6/28,289,2017/6/28
10001563,300328,2,2017/6/1,406,2017/6/1
10001564,300328,0,2017/5/6,424,2017/5/6
10001565,300328,2,2017/6/22,253,2017/6/22
10001566,300328,1,2017/4/20,447,2017/4/20
10001567,300328,2,2017/6/10,157,2017/6/10
10001568,300328,0,2017/6/21,285,2017/6/21
10001569,300328,2,2017/4/13,95,2017/4/13
10001570,300328,2,2017/6/23,121,2017/6/23
10001571,300328,2,2017/4/27,245,2017/4/27
10001572,300328,2,2017/6/20,255,2017/6/20
10001573,300328,0,2017/5/3,230,2017/5/3
10001574,300328,2,2017/5/18,113,2017/5/18
10001575,300328,0,2017/4/19,342,2017/4/19
10001576,300328,2,2017/6/8,89,2017/6/8
10001577,300328,2,2017/4/8,355,2017/4/8
10001578,300328,1,2017/6/24,301,2017/6/24
10001579,300328,2,2017/5/11,68,2017/5/11
10001580,300328,2,2017/5/16,349,2017/5/16
10001581,300328,2,2017/4/21,384,2017/4/21
10001582,300328,1,2017/4/24,121,2017/4/24
10001583,300328,2,2017/4/9,94,2017/4/9
10001584,300328,2,2017/6/25,50,2017/6/25
10001585,300328,0,2017/5/12,318,2017/5/12
10001586,300328,2,2017/5/25,158,2017/5/25
10001587,300328,2,2017/6/25,91,2017/6/25
10001588,300328,1,2017/6/30,312,2017/6/30
10001589,300328,1,2017/5/14,234,2017/5/14
10001590,300328,1,2017/4/5,60,2017/4/5
10001591,300328,2,2017/6/27,84,2017/6/27
10001592,300328,1,2017/5/1,240,2017/5/1
10001593,300328,0,2017/6/12,156,2017/6/12
10001594,300328,2,2017/6/6,139,2017/6/6
10001595,300328,2,2017/4/28,310,2017/4/28
10001596,300328,2,2017/6/13,140,2017/6/13
10001597,300328,1,2017/6/17,332,2017/6/17
10001598,300328,1,2017/5/30,258,2017/5/30
10001599,300328,2,2017/5/22,50,2017/5/22
10001600,300328,0,2017/6/7,149,2017/6/7
10001601,300360,2,2017/5/11,267,2017/5/11
10001602,300360,0,2017/4/6,354,2017/4/6
10001603,300360,2,2017/4/17,314,2017/4/17
10001604,300360,1,2017/4/24,226,2017/4/24
10001605,300360,0,2017/4/5,68,2017/4/5
10001606,300360,0,2017/5/23,82,2017/5/23
10001607,300360,0,2017/6/6,83,2017/6/6
10001608,300360,2,2017/5/31,176,2017/5/31
10001609,300360,0,2017/6/8,111,2017/6/8
10001610,300360,0,2017/6/26,119,2017/6/26
10001611,300360,2,2017/4/19,143,2017/4/19
10001612,300360,2,2017/5/12,115,2017/5/12
10001613,300360,2,2017/4/23,91,2017/4/23
10001614,300360,0,2017/5/12,196,2017/5/12
10001615,300360,0,2017/6/1,228,2017/6/1
10001616,300360,1,2017/6/12,101,2017/6/12
10001617,300360,2,2017/4/22,187,2017/4/22
10001618,300360,2,2017/4/12,117,2017/4/12
10001619,300360,2,2017/4/22,295,2017/4/22
10001620,300360,2,2017/6/25,301,2017/6/25
10001621,300360,2,2017/5/17,196,2017/5/17
10001622,300360,2,2017/4/14,117,2017/4/14
10001623,300360,1,2017/6/8,361,2017/6/8
10001624,300360,1,2017/6/18,282,2017/6/18
10001625,300360,2,2017/4/3,115,2017/4/3
10001626,300360,2,2017/4/5,200,2017/4/5
10001627,300360,2,2017/5/5,143,2017/5/5
10001628,300360,0,2017/4/6,120,2017/4/6
10001629,300360,2,2017/5/29,218,2017/5/29
10001630,300360,0,2017/5/17,117,2017/5/17
10001631,300360,1,2017/4/19,445,2017/4/19
10001632,300360,2,2017/5/15,246,2017/5/15
10001633,300360,1,2017/5/1,130,2017/5/1
10001634,300360,2,2017/4/27,126,2017/4/27
10001635,300360,1,2017/6/3,246,2017/6/3
10001636,300360,2,2017/5/23,67,2017/5/23
10001637,300360,0,2017/6/3,219,2017/6/3
10001638,300360,1,2017/5/17,129,2017/5/17
10001639,300360,1,2017/4/15,165,2017/4/15
10001640,300360,2,2017/5/21,132,2017/5/21
10001641,300360,2,2017/5/24,80,2017/5/24
10001642,300360,2,2017/5/8,67,2017/5/8
10001643,300360,2,2017/4/2,401,2017/4/2
10001644,300360,2,2017/6/8,168,2017/6/8
10001645,300360,2,2017/5/16,280,2017/5/16
10001646,300360,1,2017/5/31,182,2017/5/31
10001647,300360,2,2017/5/30,67,2017/5/30
10001648,300360,1,2017/5/27,354,2017/5/27
10001649,300360,2,2017/6/24,267,2017/6/24
10001650,300360,2,2017/6/28,421,2017/6/28
10001651,300360,2,2017/5/28,164,2017/5/28
10001652,300360,1,2017/6/29,319,2017/6/29
10001653,300360,0,2017/5/24,161,2017/5/24
10001654,300360,2,2017/6/25,289,2017/6/25
10001655,300360,1,2017/4/30,76,2017/4/30
10001656,300360,0,2017/5/12,165,2017/5/12
10001657,300360,2,2017/6/30,114,2017/6/30
10001658,300360,0,2017/5/10,207,2017/5/10
10001659,300360,1,2017/4/20,503,2017/4/20
10001660,300360,1,2017/5/18,168,2017/5/18
10001661,300360,2,2017/4/8,173,2017/4/8
10001662,300360,2,2017/5/18,186,2017/5/18
10001663,300360,1,2017/4/14,277,2017/4/14
10001664,300360,2,2017/6/27,192,2017/6/27
10001665,300360,2,2017/6/15,209,2017/6/15
10001666,300360,0,2017/5/11,276,2017/5/11
10001667,300360,2,2017/5/22,196,2017/5/22
10001668,300360,2,2017/5/1,87,2017/5/1
10001669,300360,2,2017/6/1,264,2017/6/1
10001670,300360,2,2017/4/21,120,2017/4/21
10001671,300360,2,2017/4/27,296,2017/4/27
10001672,300360,1,2017/5/1,341,2017/5/1
10001673,300360,2,2017/6/10,58,2017/6/10
10001674,300360,0,2017/6/26,130,2017/6/26
10001675,300360,2,2017/6/20,140,2017/6/20
10001676,300360,2,2017/6/1,284,2017/6/1
10001677,300360,2,2017/6/20,380,2017/6/20
10001678,300360,2,2017/4/10,68,2017/4/10
10001679,300360,0,2017/6/22,336,2017/6/22
10001680,300360,2,2017/4/21,111,2017/4/21
10001681,300270,0,2017/4/11,365,2017/4/11
10001682,300270,0,2017/6/17,234,2017/6/17
10001683,300270,2,2017/5/29,360,2017/5/29
10001684,300270,2,2017/6/19,255,2017/6/19
10001685,300270,2,2017/6/25,250,2017/6/25
10001686,300270,2,2017/4/3,74,2017/4/3
10001687,300270,2,2017/4/12,335,2017/4/12
10001688,300270,0,2017/5/29,188,2017/5/29
10001689,300270,2,2017/6/14,319,2017/6/14
10001690,300270,2,2017/5/23,119,2017/5/23
10001691,300270,2,2017/5/3,174,2017/5/3
10001692,300270,2,2017/6/14,143,2017/6/14
10001693,300270,2,2017/5/24,101,2017/5/24
10001694,300270,1,2017/4/22,112,2017/4/22
10001695,300270,2,2017/4/11,185,2017/4/11
10001696,300270,0,2017/4/25,177,2017/4/25
10001697,300270,1,2017/5/11,320,2017/5/11
10001698,300270,1,2017/4/18,217,2017/4/18
10001699,300270,1,2017/4/27,140,2017/4/27
10001700,300270,2,2017/5/27,256,2017/5/27
10001701,300270,0,2017/5/3,75,2017/5/3
10001702,300270,1,2017/5/19,85,2017/5/19
10001703,300270,2,2017/6/28,149,2017/6/28
10001704,300270,0,2017/4/3,185,2017/4/3
10001705,300270,2,2017/4/8,226,2017/4/8
10001706,300270,1,2017/5/24,268,2017/5/24
10001707,300270,2,2017/6/1,380,2017/6/1
10001708,300270,2,2017/5/23,91,2017/5/23
10001709,300270,2,2017/5/19,302,2017/5/19
10001710,300270,1,2017/4/24,142,2017/4/24
10001711,300270,2,2017/5/15,125,2017/5/15
10001712,300270,1,2017/5/24,116,2017/5/24
10001713,300270,2,2017/5/17,56,2017/5/17
10001714,300270,2,2017/5/8,235,2017/5/8
10001715,300270,0,2017/4/3,80,2017/4/3
10001716,300270,0,2017/5/10,255,2017/5/10
10001717,300270,0,2017/5/21,105,2017/5/21
10001718,300270,0,2017/4/5,398,2017/4/5
10001719,300270,1,2017/6/18,150,2017/6/18
10001720,300270,1,2017/5/19,144,2017/5/19
10001721,300270,1,2017/6/24,332,2017/6/24
10001722,300270,2,2017/5/29,52,2017/5/29
10001723,300270,0,2017/5/29,141,2017/5/29
10001724,300270,0,2017/6/12,169,2017/6/12
10001725,300270,0,2017/6/6,80,2017/6/6
10001726,300270,0,2017/5/20,235,2017/5/20
10001727,300270,2,2017/5/15,69,2017/5/15
10001728,300270,2,2017/5/29,310,2017/5/29
10001729,300270,0,2017/5/21,196,2017/5/21
10001730,300270,0,2017/5/30,236,2017/5/30
10001731,300270,2,2017/6/24,335,2017/6/24
10001732,300270,2,2017/5/10,181,2017/5/10
10001733,300270,0,2017/6/5,50,2017/6/5
10001734,300270,2,2017/5/12,235,2017/5/12
10001735,300270,2,2017/6/6,186,2017/6/6
10001736,300270,2,2017/4/19,178,2017/4/19
10001737,300270,0,2017/5/13,343,2017/5/13
10001738,300270,2,2017/6/21,151,2017/6/21
10001739,300270,1,2017/4/21,101,2017/4/21
10001740,300270,0,2017/4/22,372,2017/4/22
10001741,300270,2,2017/4/19,458,2017/4/19
10001742,300270,1,2017/6/26,51,2017/6/26
10001743,300270,2,2017/6/17,85,2017/6/17
10001744,300270,2,2017/4/7,173,2017/4/7
10001745,300270,2,2017/5/7,117,2017/5/7
10001746,300270,2,2017/4/18,143,2017/4/18
10001747,300270,1,2017/4/2,121,2017/4/2
10001748,300270,2,2017/6/24,208,2017/6/24
10001749,300270,1,2017/6/7,219,2017/6/7
10001750,300270,1,2017/5/19,114,2017/5/19
10001751,300270,1,2017/4/2,268,2017/4/2
10001752,300270,0,2017/5/16,122,2017/5/16
10001753,300270,1,2017/4/27,120,2017/4/27
10001754,300270,2,2017/6/14,113,2017/6/14
10001755,300270,1,2017/5/31,58,2017/5/31
10001756,300270,2,2017/4/26,288,2017/4/26
10001757,300270,1,2017/5/10,104,2017/5/10
10001758,300270,2,2017/5/15,180,2017/5/15
10001759,300270,2,2017/4/2,234,2017/4/2
10001760,300270,0,2017/4/15,351,2017/4/15
10001761,300204,2,2017/5/16,214,2017/5/16
10001762,300204,1,2017/6/7,335,2017/6/7
10001763,300204,1,2017/6/20,131,2017/6/20
10001764,300204,2,2017/6/23,260,2017/6/23
10001765,300204,2,2017/6/13,347,2017/6/13
10001766,300204,0,2017/6/28,158,2017/6/28
10001767,300204,0,2017/4/22,100,2017/4/22
10001768,300204,2,2017/5/3,189,2017/5/3
10001769,300204,0,2017/6/28,165,2017/6/28
10001770,300204,2,2017/6/20,265,2017/6/20
10001771,300204,2,2017/4/16,67,2017/4/16
10001772,300204,1,2017/6/5,269,2017/6/5
10001773,300204,1,2017/4/12,68,2017/4/12
10001774,300204,2,2017/5/10,208,2017/5/10
10001775,300204,1,2017/6/17,327,2017/6/17
10001776,300204,2,2017/5/14,215,2017/5/14
10001777,300204,0,2017/6/15,228,2017/6/15
10001778,300204,2,2017/4/12,77,2017/4/12
10001779,300204,2,2017/5/5,217,2017/5/5
10001780,300204,2,2017/4/27,191,2017/4/27
10001781,300204,2,2017/5/20,77,2017/5/20
10001782,300204,1,2017/6/20,108,2017/6/20
10001783,300204,2,2017/6/20,124,2017/6/20
10001784,300204,1,2017/5/4,169,2017/5/4
10001785,300204,0,2017/6/30,113,2017/6/30
10001786,300204,2,2017/4/7,270,2017/4/7
10001787,300204,0,2017/5/26,317,2017/5/26
10001788,300204,2,2017/5/19,101,2017/5/19
10001789,300204,2,2017/6/28,146,2017/6/28
10001790,300204,2,2017/6/18,140,2017/6/18
10001791,300204,2,2017/5/26,163,2017/5/26
10001792,300204,1,2017/4/29,240,2017/4/29
10001793,300204,0,2017/5/16,76,2017/5/16
10001794,300204,2,2017/5/12,180,2017/5/12
10001795,300204,0,2017/4/11,223,2017/4/11
10001796,300204,2,2017/5/6,343,2017/5/6
10001797,300204,2,2017/4/7,210,2017/4/7
10001798,300204,2,2017/4/8,113,2017/4/8
10001799,300204,2,2017/5/17,83,2017/5/17
10001800,300204,1,2017/5/16,241,2017/5/16
10001801,300204,2,2017/6/5,80,2017/6/5
10001802,300204,0,2017/6/4,274,2017/6/4
10001803,300204,2,2017/6/21,204,2017/6/21
10001804,300204,2,2017/5/7,207,2017/5/7
10001805,300204,0,2017/6/9,400,2017/6/9
10001806,300204,2,2017/6/19,91,2017/6/19
10001807,300204,1,2017/5/9,140,2017/5/9
10001808,300204,0,2017/4/25,274,2017/4/25
10001809,300204,2,2017/4/30,60,2017/4/30
10001810,300204,2,2017/6/5,254,2017/6/5
10001811,300204,2,2017/6/11,95,2017/6/11
10001812,300204,1,2017/6/23,219,2017/6/23
10001813,300204,2,2017/4/19,311,2017/4/19
10001814,300204,2,2017/5/29,146,2017/5/29
10001815,300204,0,2017/5/28,309,2017/5/28
10001816,300204,2,2017/6/28,111,2017/6/28
10001817,300204,2,2017/4/25,394,2017/4/25
10001818,300204,2,2017/6/3,196,2017/6/3
10001819,300204,2,2017/5/1,318,2017/5/1
10001820,300204,2,2017/5/5,238,2017/5/5
10001821,300204,2,2017/6/8,262,2017/6/8
10001822,300204,1,2017/5/14,142,2017/5/14
10001823,300204,2,2017/4/9,215,2017/4/9
10001824,300204,2,2017/4/10,182,2017/4/10
10001825,300204,2,2017/6/7,160,2017/6/7
10001826,300204,2,2017/6/9,354,2017/6/9
10001827,300204,2,2017/4/5,216,2017/4/5
10001828,300204,2,2017/6/26,326,2017/6/26
10001829,300204,1,2017/5/13,125,2017/5/13
10001830,300204,2,2017/6/20,377,2017/6/20
10001831,300204,0,2017/4/2,120,2017/4/2
10001832,300204,2,2017/6/5,59,2017/6/5
10001833,300204,0,2017/6/23,378,2017/6/23
10001834,300204,2,2017/6/23,52,2017/6/23
10001835,300204,2,2017/6/15,177,2017/6/15
10001836,300204,2,2017/6/19,272,2017/6/19
10001837,300204,2,2017/6/30,146,2017/6/30
10001838,300204,2,2017/6/19,224,2017/6/19
10001839,300204,2,2017/4/15,328,2017/4/15
10001840,300204,0,2017/6/22,187,2017/6/22
10001841,300329,1,2017/5/11,80,2017/5/11
10001842,300329,1,2017/5/3,357,2017/5/3
10001843,300329,1,2017/6/23,360,2017/6/23
10001844,300329,1,2017/4/7,278,2017/4/7
10001845,300329,1,2017/6/5,138,2017/6/5
10001846,300329,2,2017/6/27,191,2017/6/27
10001847,300329,2,2017/5/18,143,2017/5/18
10001848,300329,2,2017/6/17,394,2017/6/17
10001849,300329,2,2017/6/3,164,2017/6/3
10001850,300329,2,2017/5/21,367,2017/5/21
10001851,300329,2,2017/5/3,58,2017/5/3
10001852,300329,0,2017/5/9,184,2017/5/9
10001853,300329,0,2017/5/23,82,2017/5/23
10001854,300329,0,2017/5/6,269,2017/5/6
10001855,300329,1,2017/6/30,400,2017/6/30
10001856,300329,1,2017/4/4,121,2017/4/4
10001857,300329,1,2017/4/29,88,2017/4/29
10001858,300329,2,2017/6/15,77,2017/6/15
10001859,300329,1,2017/4/30,127,2017/4/30
10001860,300329,1,2017/5/25,381,2017/5/25
10001861,300329,1,2017/5/9,177,2017/5/9
10001862,300329,2,2017/6/6,275,2017/6/6
10001863,300329,2,2017/4/5,189,2017/4/5
10001864,300329,2,2017/5/20,82,2017/5/20
10001865,300329,2,2017/6/27,213,2017/6/27
10001866,300329,0,2017/6/12,102,2017/6/12
10001867,300329,2,2017/4/17,139,2017/4/17
10001868,300329,0,2017/4/29,425,2017/4/29
10001869,300329,0,2017/5/26,127,2017/5/26
10001870,300329,0,2017/5/29,88,2017/5/29
10001871,300329,0,2017/5/26,371,2017/5/26
10001872,300329,2,2017/5/28,242,2017/5/28
10001873,300329,1,2017/4/27,94,2017/4/27
10001874,300329,2,2017/5/14,332,2017/5/14
10001875,300329,1,2017/5/17,173,2017/5/17
10001876,300329,2,2017/4/4,123,2017/4/4
10001877,300329,2,2017/4/10,298,2017/4/10
10001878,300329,2,2017/4/28,370,2017/4/28
10001879,300329,0,2017/5/25,104,2017/5/25
10001880,300329,0,2017/4/16,331,2017/4/16
10001881,300329,1,2017/6/24,298,2017/6/24
10001882,300329,1,2017/4/3,150,2017/4/3
10001883,300329,0,2017/5/13,307,2017/5/13
10001884,300329,1,2017/4/13,101,2017/4/13
10001885,300329,2,2017/4/14,143,2017/4/14
10001886,300329,1,2017/5/2,270,2017/5/2
10001887,300329,1,2017/5/19,187,2017/5/19
10001888,300329,2,2017/5/5,368,2017/5/5
10001889,300329,2,2017/5/23,144,2017/5/23
10001890,300329,2,2017/6/18,294,2017/6/18
10001891,300329,2,2017/6/3,108,2017/6/3
10001892,300329,0,2017/6/9,204,2017/6/9
10001893,300329,1,2017/6/22,374,2017/6/22
10001894,300329,2,2017/6/4,244,2017/6/4
10001895,300329,2,2017/4/14,108,2017/4/14
10001896,300329,1,2017/5/21,80,2017/5/21
10001897,300329,0,2017/6/3,196,2017/6/3
10001898,300329,2,2017/4/10,110,2017/4/10
10001899,300329,0,2017/6/25,198,2017/6/25
10001900,300329,2,2017/6/20,187,2017/6/20
10001901,300329,1,2017/5/31,340,2017/5/31
10001902,300329,2,2017/5/31,134,2017/5/31
10001903,300329,2,2017/6/9,154,2017/6/9
10001904,300329,0,2017/4/12,248,2017/4/12
10001905,300329,2,2017/6/28,450,2017/6/28
10001906,300329,2,2017/5/8,84,2017/5/8
10001907,300329,1,2017/6/30,187,2017/6/30
10001908,300329,2,2017/4/14,261,2017/4/14
10001909,300329,1,2017/6/21,68,2017/6/21
10001910,300329,2,2017/4/8,142,2017/4/8
10001911,300329,1,2017/4/18,244,2017/4/18
10001912,300329,2,2017/6/11,108,2017/6/11
10001913,300329,0,2017/4/25,100,2017/4/25
10001914,300329,2,2017/4/13,295,2017/4/13
10001915,300329,0,2017/5/7,104,2017/5/7
10001916,300329,1,2017/5/30,127,2017/5/30
10001917,300329,1,2017/4/15,245,2017/4/15
10001918,300329,1,2017/5/14,337,2017/5/14
10001919,300329,2,2017/6/17,132,2017/6/17
10001920,300329,0,2017/6/30,143,2017/6/30
10001921,300090,1,2017/6/18,146,2017/6/18
10001922,300090,0,2017/5/16,108,2017/5/16
10001923,300090,1,2017/4/9,430,2017/4/9
10001924,300090,2,2017/4/26,113,2017/4/26
10001925,300090,2,2017/6/20,115,2017/6/20
10001926,300090,2,2017/4/11,74,2017/4/11
10001927,300090,0,2017/4/3,173,2017/4/3
10001928,300090,2,2017/5/19,243,2017/5/19
10001929,300090,0,2017/5/29,200,2017/5/29
10001930,300090,2,2017/4/11,371,2017/4/11
10001931,300090,2,2017/4/30,215,2017/4/30
10001932,300090,1,2017/4/10,169,2017/4/10
10001933,300090,1,2017/4/2,186,2017/4/2
10001934,300090,2,2017/5/23,114,2017/5/23
10001935,300090,2,2017/5/16,478,2017/5/16
10001936,300090,2,2017/4/16,264,2017/4/16
10001937,300090,0,2017/5/7,320,2017/5/7
10001938,300090,0,2017/5/11,180,2017/5/11
10001939,300090,2,2017/6/9,52,2017/6/9
10001940,300090,2,2017/5/14,276,2017/5/14
10001941,300090,2,2017/6/23,390,2017/6/23
10001942,300090,1,2017/5/19,239,2017/5/19
10001943,300090,0,2017/6/29,132,2017/6/29
10001944,300090,1,2017/5/23,174,2017/5/23
10001945,300090,2,2017/5/30,279,2017/5/30
10001946,300090,1,2017/5/22,267,2017/5/22
10001947,300090,1,2017/4/26,117,2017/4/26
10001948,300090,0,2017/5/12,175,2017/5/12
10001949,300090,1,2017/4/10,113,2017/4/10
10001950,300090,2,2017/5/14,364,2017/5/14
10001951,300090,0,2017/4/27,337,2017/4/27
10001952,300090,2,2017/6/4,58,2017/6/4
10001953,300090,0,2017/4/7,245,2017/4/7
10001954,300090,0,2017/6/4,56,2017/6/4
10001955,300090,0,2017/6/17,384,2017/6/17
10001956,300090,0,2017/5/18,164,2017/5/18
10001957,300090,2,2017/4/10,113,2017/4/10
10001958,300090,2,2017/4/2,309,2017/4/2
10001959,300090,2,2017/6/9,409,2017/6/9
10001960,300090,1,2017/4/23,216,2017/4/23
10001961,300090,2,2017/5/7,181,2017/5/7
10001962,300090,2,2017/5/24,74,2017/5/24
10001963,300090,2,2017/5/25,448,2017/5/25
10001964,300090,2,2017/6/4,262,2017/6/4
10001965,300090,0,2017/6/27,177,2017/6/27
10001966,300090,2,2017/6/8,382,2017/6/8
10001967,300090,1,2017/5/2,215,2017/5/2
10001968,300090,2,2017/5/12,233,2017/5/12
10001969,300090,2,2017/4/20,290,2017/4/20
10001970,300090,2,2017/6/5,166,2017/6/5
10001971,300090,2,2017/5/25,238,2017/5/25
10001972,300090,0,2017/6/11,117,2017/6/11
10001973,300090,1,2017/5/20,328,2017/5/20
10001974,300090,1,2017/6/16,113,2017/6/16
10001975,300090,0,2017/6/15,364,2017/6/15
10001976,300090,2,2017/5/23,180,2017/5/23
10001977,300090,0,2017/6/8,316,2017/6/8
10001978,300090,0,2017/4/15,50,2017/4/15
10001979,300090,2,2017/5/18,194,2017/5/18
10001980,300090,1,2017/4/22,259,2017/4/22
10001981,300090,0,2017/5/30,229,2017/5/30
10001982,300090,2,2017/5/23,143,2017/5/23
10001983,300090,2,2017/4/4,213,2017/4/4
10001984,300090,0,2017/6/27,208,2017/6/27
10001985,300090,1,2017/5/4,126,2017/5/4
10001986,300090,2,2017/6/18,344,2017/6/18
10001987,300090,0,2017/4/28,164,2017/4/28
10001988,300090,2,2017/5/20,248,2017/5/20
10001989,300090,2,2017/4/30,253,2017/4/30
10001990,300090,2,2017/4/21,91,2017/4/21
10001991,300090,2,2017/4/15,138,2017/4/15
10001992,300090,2,2017/6/4,83,2017/6/4
10001993,300090,2,2017/5/16,221,2017/5/16
10001994,300090,0,2017/6/8,241,2017/6/8
10001995,300090,2,2017/5/30,157,2017/5/30
10001996,300090,0,2017/5/2,146,2017/5/2
10001997,300090,0,2017/6/23,347,2017/6/23
10001998,300090,0,2017/5/8,76,2017/5/8
10001999,300090,0,2017/6/26,203,2017/6/26
10002000,300090,2,2017/6/16,332,2017/6/16
